sample_id,task,layer,clean_mean_logprob,corrupt_mean_logprob,patched_mean_logprob,clean_sum_logprob,corrupt_sum_logprob,patched_sum_logprob,recovery_mean,recovery_sum,patch_window
0,mmlu,0,-2.6208999156951904,-1.5194958448410034,-2.511812686920166,-18.346298217773438,-10.636470794677734,-17.582687377929688,0.9009562224689616,0.9009561707507614,6
0,mmlu,1,-2.6208999156951904,-1.5194958448410034,-2.6479713916778564,-18.346298217773438,-10.636470794677734,-18.535799026489258,1.024579068613267,1.0245791259080508,6
0,mmlu,2,-2.6208999156951904,-1.5194958448410034,-2.8523030281066895,-18.346298217773438,-10.636470794677734,-19.96611976623535,1.2100983014644378,1.21009829035998,6
0,mmlu,3,-2.6208999156951904,-1.5194958448410034,-2.464667558670044,-18.346298217773438,-10.636470794677734,-17.25267219543457,0.8581516515346952,0.8581516869649684,6
0,mmlu,4,-2.6208999156951904,-1.5194958448410034,-2.7201945781707764,-18.346298217773438,-10.636470794677734,-19.04136085510254,1.090152811311208,1.0901528153728173,6
0,mmlu,5,-2.6208999156951904,-1.5194958448410034,-2.638573408126831,-18.346298217773438,-10.636470794677734,-18.470012664794922,1.0160463385416738,1.0160463328674967,6
0,mmlu,6,-2.6208999156951904,-1.5194958448410034,-2.4234702587127686,-18.346298217773438,-10.636470794677734,-16.964290618896484,0.8207473042824024,0.8207472729506873,6
0,mmlu,7,-2.6208999156951904,-1.5194958448410034,-2.5106093883514404,-18.346298217773438,-10.636470794677734,-17.574264526367188,0.8998637091838804,0.8998636882461345,6
0,mmlu,8,-2.6208999156951904,-1.5194958448410034,-2.3803136348724365,-18.346298217773438,-10.636470794677734,-16.662195205688477,0.7815640241636945,0.7815641113801861,6
0,mmlu,9,-2.6208999156951904,-1.5194958448410034,-2.2781012058258057,-18.346298217773438,-10.636470794677734,-15.946707725524902,0.6887620882716472,0.688762101448256,6
0,mmlu,10,-2.6208999156951904,-1.5194958448410034,-2.0743160247802734,-18.346298217773438,-10.636470794677734,-14.520211219787598,0.503738999753626,0.5037389576987219,6
0,mmlu,11,-2.6208999156951904,-1.5194958448410034,-1.9178295135498047,-18.346298217773438,-10.636470794677734,-13.424805641174316,0.36165988747115757,0.36165982675051744,6
0,mmlu,12,-2.6208999156951904,-1.5194958448410034,-1.9258733987808228,-18.346298217773438,-10.636470794677734,-13.48111343383789,0.3689631883367633,0.3689632058855589,6
0,mmlu,13,-2.6208999156951904,-1.5194958448410034,-1.9516125917434692,-18.346298217773438,-10.636470794677734,-13.661287307739258,0.39233262547383413,0.39233258424483697,6
0,mmlu,14,-2.6208999156951904,-1.5194958448410034,-1.8246737718582153,-18.346298217773438,-10.636470794677734,-12.77271556854248,0.27708080791034406,0.2770807515400642,6
0,mmlu,15,-2.6208999156951904,-1.5194958448410034,-1.784804344177246,-18.346298217773438,-10.636470794677734,-12.493629455566406,0.24088207839953332,0.24088200181162975,6
0,mmlu,16,-2.6208999156951904,-1.5194958448410034,-1.75050950050354,-18.346298217773438,-10.636470794677734,-12.253565788269043,0.20974469213721203,0.20974464238259796,6
0,mmlu,17,-2.6208999156951904,-1.5194958448410034,-1.7289307117462158,-18.346298217773438,-10.636470794677734,-12.102514266967773,0.1901526191421398,0.19015256681360435,6
0,mmlu,18,-2.6208999156951904,-1.5194958448410034,-1.730959415435791,-18.346298217773438,-10.636470794677734,-12.116715431213379,0.1919945441555648,0.19199452299299738,6
0,mmlu,19,-2.6208999156951904,-1.5194958448410034,-1.7260222434997559,-18.346298217773438,-10.636470794677734,-12.082155227661133,0.18751192772848702,0.18751190597701295,6
0,mmlu,20,-2.6208999156951904,-1.5194958448410034,-1.7410494089126587,-18.346298217773438,-10.636470794677734,-12.187345504760742,0.2011555721883128,0.20115556769127338,6
0,mmlu,21,-2.6208999156951904,-1.5194958448410034,-1.7440907955169678,-18.346298217773438,-10.636470794677734,-12.208635330200195,0.2039169444334363,0.20391695576116595,6
0,mmlu,22,-2.6208999156951904,-1.5194958448410034,-1.7800239324569702,-18.346298217773438,-10.636470794677734,-12.460166931152344,0.23654178958984032,0.23654175881770437,6
0,mmlu,23,-2.6208999156951904,-1.5194958448410034,-1.7640740871429443,-18.346298217773438,-10.636470794677734,-12.348518371582031,0.2220604145151415,0.22206042822648137,6
0,mmlu,24,-2.6208999156951904,-1.5194958448410034,-1.7710329294204712,-18.346298217773438,-10.636470794677734,-12.39723014831543,0.22837857015379964,0.22837856923319935,6
0,mmlu,25,-2.6208999156951904,-1.5194958448410034,-1.6139179468154907,-18.346298217773438,-10.636470794677734,-11.297425270080566,0.08572884859463731,0.08572882893333679,6
0,mmlu,26,-2.6208999156951904,-1.5194958448410034,-1.608436107635498,-18.346298217773438,-10.636470794677734,-11.259052276611328,0.08075171134335346,0.08075167556618632,6
0,mmlu,27,-2.6208999156951904,-1.5194958448410034,-1.5287797451019287,-18.346298217773438,-10.636470794677734,-10.701457977294922,0.008429150200994558,0.008429135846387695,6
0,mmlu,28,-2.6208999156951904,-1.5194958448410034,-1.5211142301559448,-18.346298217773438,-10.636470794677734,-10.647799491882324,0.0014693838278445038,0.001469384020885763,6
0,mmlu,29,-2.6208999156951904,-1.5194958448410034,-1.5207372903823853,-18.346298217773438,-10.636470794677734,-10.645160675048828,0.0011271481425436552,0.001127117366639538,6
0,mmlu,30,-2.6208999156951904,-1.5194958448410034,-1.5191525220870972,-18.346298217773438,-10.636470794677734,-10.63406753540039,-0.00031171371716206327,-0.00031171375811365625,6
0,mmlu,31,-2.6208999156951904,-1.5194958448410034,-1.5194958448410034,-18.346298217773438,-10.636470794677734,-10.636470794677734,-0.0,-0.0,6
1,mmlu,0,-2.592331647872925,-1.6402989625930786,-2.337836980819702,-18.146320343017578,-11.482091903686523,-16.364858627319336,0.7326828546316281,0.7326829767932996,6
1,mmlu,1,-2.592331647872925,-1.6402989625930786,-2.609160900115967,-18.146320343017578,-11.482091903686523,-18.26412582397461,1.0176771897436137,1.0176772888574073,6
1,mmlu,2,-2.592331647872925,-1.6402989625930786,-2.959214687347412,-18.146320343017578,-11.482091903686523,-20.714502334594727,1.3853681275872634,1.3853682431223233,6
1,mmlu,3,-2.592331647872925,-1.6402989625930786,-2.391202926635742,-18.146320343017578,-11.482091903686523,-16.738420486450195,0.7887375964506034,0.7887377568915798,6
1,mmlu,4,-2.592331647872925,-1.6402989625930786,-2.820175886154175,-18.146320343017578,-11.482091903686523,-19.741230010986328,1.239323979310139,1.239323980995178,6
1,mmlu,5,-2.592331647872925,-1.6402989625930786,-2.672633171081543,-18.146320343017578,-11.482091903686523,-18.708431243896484,1.084347454970507,1.0843474855100863,6
1,mmlu,6,-2.592331647872925,-1.6402989625930786,-2.465698003768921,-18.146320343017578,-11.482091903686523,-17.259885787963867,0.8669860421893814,0.8669861703491022,6
1,mmlu,7,-2.592331647872925,-1.6402989625930786,-2.532735824584961,-18.146320343017578,-11.482091903686523,-17.729150772094727,0.9374015043439072,0.9374016714242902,6
1,mmlu,8,-2.592331647872925,-1.6402989625930786,-2.3858604431152344,-18.146320343017578,-11.482091903686523,-16.70102310180664,0.7831259366208213,0.7831260968111782,6
1,mmlu,9,-2.592331647872925,-1.6402989625930786,-2.3140869140625,-18.146320343017578,-11.482091903686523,-16.1986083984375,0.7077361617565954,0.7077363185800061,6
1,mmlu,10,-2.592331647872925,-1.6402989625930786,-2.139706611633301,-18.146320343017578,-11.482091903686523,-14.977946281433105,0.524569861946622,0.5245700105897316,6
1,mmlu,11,-2.592331647872925,-1.6402989625930786,-1.979862928390503,-18.146320343017578,-11.482091903686523,-13.859040260314941,0.35667259602997436,0.35667270139883434,6
1,mmlu,12,-2.592331647872925,-1.6402989625930786,-1.988660454750061,-18.146320343017578,-11.482091903686523,-13.920622825622559,0.3659133779778966,0.36591346587151896,6
1,mmlu,13,-2.592331647872925,-1.6402989625930786,-2.00277042388916,-18.146320343017578,-11.482091903686523,-14.019392967224121,0.3807342654384573,0.38073440765779515,6
1,mmlu,14,-2.592331647872925,-1.6402989625930786,-1.9085842370986938,-18.146320343017578,-11.482091903686523,-13.360089302062988,0.2818025908898073,0.28180267502699863,6
1,mmlu,15,-2.592331647872925,-1.6402989625930786,-1.8654390573501587,-18.146320343017578,-11.482091903686523,-13.058073043823242,0.23648357940120182,0.23648366151442282,6
1,mmlu,16,-2.592331647872925,-1.6402989625930786,-1.8386435508728027,-18.146320343017578,-11.482091903686523,-12.870504379272461,0.20833800501797015,0.20833806798625962,6
1,mmlu,17,-2.592331647872925,-1.6402989625930786,-1.8100385665893555,-18.146320343017578,-11.482091903686523,-12.670269012451172,0.1782917838890168,0.17829177396368387,6
1,mmlu,18,-2.592331647872925,-1.6402989625930786,-1.8133342266082764,-18.146320343017578,-11.482091903686523,-12.693339347839355,0.18175349282453435,0.18175359038141722,6
1,mmlu,19,-2.592331647872925,-1.6402989625930786,-1.809093713760376,-18.146320343017578,-11.482091903686523,-12.663655281066895,0.17729932548552582,0.17729935129174057,6
1,mmlu,20,-2.592331647872925,-1.6402989625930786,-1.826625108718872,-18.146320343017578,-11.482091903686523,-12.786375045776367,0.19571402428075657,0.19571405090938124,6
1,mmlu,21,-2.592331647872925,-1.6402989625930786,-1.821854829788208,-18.146320343017578,-11.482091903686523,-12.752983093261719,0.19070339906323255,0.1907034254680801,6
1,mmlu,22,-2.592331647872925,-1.6402989625930786,-1.8520846366882324,-18.146320343017578,-11.482091903686523,-12.964591979980469,0.2224563080599101,0.22245637165873025,6
1,mmlu,23,-2.592331647872925,-1.6402989625930786,-1.8324403762817383,-18.146320343017578,-11.482091903686523,-12.827081680297852,0.20182228895891674,0.20182228008446826,6
1,mmlu,24,-2.592331647872925,-1.6402989625930786,-1.8498159646987915,-18.146320343017578,-11.482091903686523,-12.948711395263672,0.22007333103785143,0.2200734124181823,6
1,mmlu,25,-2.592331647872925,-1.6402989625930786,-1.7109414339065552,-18.146320343017578,-11.482091903686523,-11.97658920288086,0.07420172978066272,0.07420173309455012,6
1,mmlu,26,-2.592331647872925,-1.6402989625930786,-1.7111985683441162,-18.146320343017578,-11.482091903686523,-11.978389739990234,0.07447181970954615,0.07447191247517435,6
1,mmlu,27,-2.592331647872925,-1.6402989625930786,-1.6436413526535034,-18.146320343017578,-11.482091903686523,-11.505489349365234,0.0035107934288519274,0.003510900913259892,6
1,mmlu,28,-2.592331647872925,-1.6402989625930786,-1.638202428817749,-18.146320343017578,-11.482091903686523,-11.467416763305664,-0.0022021657762043957,-0.002202076434875814,6
1,mmlu,29,-2.592331647872925,-1.6402989625930786,-1.638319492340088,-18.146320343017578,-11.482091903686523,-11.468235969543457,-0.0020792041117799506,-0.002079150540831213,6
1,mmlu,30,-2.592331647872925,-1.6402989625930786,-1.6430033445358276,-18.146320343017578,-11.482091903686523,-11.501023292541504,0.0028406398361842796,0.0028407472906628404,6
1,mmlu,31,-2.592331647872925,-1.6402989625930786,-1.6402989625930786,-18.146320343017578,-11.482091903686523,-11.482091903686523,-0.0,-0.0,6
2,mmlu,0,-2.0856661796569824,-1.614346981048584,-2.0424022674560547,-14.599662780761719,-11.30042839050293,-14.296814918518066,0.9082067879971801,0.9082066269508572,6
2,mmlu,1,-2.0856661796569824,-1.614346981048584,-2.0594773292541504,-14.599662780761719,-11.30042839050293,-14.416340827941895,0.9444350218794266,0.944435004703896,6
2,mmlu,2,-2.0856661796569824,-1.614346981048584,-2.0051076412200928,-14.599662780761719,-11.30042839050293,-14.035752296447754,0.8290786151212215,0.8290783832491063,6
2,mmlu,3,-2.0856661796569824,-1.614346981048584,-1.9688783884048462,-14.599662780761719,-11.30042839050293,-13.782148361206055,0.752210849728058,0.7522108721807333,6
2,mmlu,4,-2.0856661796569824,-1.614346981048584,-1.9780102968215942,-14.599662780761719,-11.30042839050293,-13.846071243286133,0.7715860600684445,0.7715859376391213,6
2,mmlu,5,-2.0856661796569824,-1.614346981048584,-1.9541642665863037,-14.599662780761719,-11.30042839050293,-13.679149627685547,0.7209918326072254,0.7209918917600611,6
2,mmlu,6,-2.0856661796569824,-1.614346981048584,-1.8786976337432861,-14.599662780761719,-11.30042839050293,-13.150882720947266,0.5608739450545505,0.5608738625896557,6
2,mmlu,7,-2.0856661796569824,-1.614346981048584,-1.9071427583694458,-14.599662780761719,-11.30042839050293,-13.349998474121094,0.6212260913572414,0.6212259716623703,6
2,mmlu,8,-2.0856661796569824,-1.614346981048584,-1.8475583791732788,-14.599662780761719,-11.30042839050293,-12.932908058166504,0.4948056513745327,0.4948056062435685,6
2,mmlu,9,-2.0856661796569824,-1.614346981048584,-1.7831741571426392,-14.599662780761719,-11.30042839050293,-12.482218742370605,0.35820136369267874,0.3582013933108254,6
2,mmlu,10,-2.0856661796569824,-1.614346981048584,-1.7462323904037476,-14.599662780761719,-11.30042839050293,-12.223626136779785,0.27982185436702484,0.27982181314576404,6
2,mmlu,11,-2.0856661796569824,-1.614346981048584,-1.6945918798446655,-14.599662780761719,-11.30042839050293,-11.862142562866211,0.17025595548742667,0.17025591625873543,6
2,mmlu,12,-2.0856661796569824,-1.614346981048584,-1.6834367513656616,-14.599662780761719,-11.30042839050293,-11.784056663513184,0.1465880702227928,0.1465880314245266,6
2,mmlu,13,-2.0856661796569824,-1.614346981048584,-1.680667519569397,-14.599662780761719,-11.30042839050293,-11.76467227935791,0.14071257891415123,0.14071261248755706,6
2,mmlu,14,-2.0856661796569824,-1.614346981048584,-1.66576087474823,-14.599662780761719,-11.30042839050293,-11.66032600402832,0.10908508489002744,0.10908519130343221,6
2,mmlu,15,-2.0856661796569824,-1.614346981048584,-1.6486799716949463,-14.599662780761719,-11.30042839050293,-11.540759086608887,0.0728444575909009,0.07284438400132873,6
2,mmlu,16,-2.0856661796569824,-1.614346981048584,-1.666117548942566,-14.599662780761719,-11.30042839050293,-11.662822723388672,0.10984184210033547,0.10984194849997783,6
2,mmlu,17,-2.0856661796569824,-1.614346981048584,-1.6694672107696533,-14.599662780761719,-11.30042839050293,-11.686269760131836,0.11694883436385332,0.11694875997219731,6
2,mmlu,18,-2.0856661796569824,-1.614346981048584,-1.6862218379974365,-14.599662780761719,-11.30042839050293,-11.803552627563477,0.15249720080582307,0.1524972702973234,6
2,mmlu,19,-2.0856661796569824,-1.614346981048584,-1.6917134523391724,-14.599662780761719,-11.30042839050293,-11.84199333190918,0.16414878316119078,0.16414867177874465,6
2,mmlu,20,-2.0856661796569824,-1.614346981048584,-1.7103724479675293,-14.599662780761719,-11.30042839050293,-11.972606658935547,0.2037376564329302,0.20373765272774955,6
2,mmlu,21,-2.0856661796569824,-1.614346981048584,-1.727378010749817,-14.599662780761719,-11.30042839050293,-12.091645240783691,0.23981843394699168,0.23981832118841442,6
2,mmlu,22,-2.0856661796569824,-1.614346981048584,-1.7314751148223877,-14.599662780761719,-11.30042839050293,-12.120325088500977,0.24851127771740503,0.2485112009331495,6
2,mmlu,23,-2.0856661796569824,-1.614346981048584,-1.7150790691375732,-14.599662780761719,-11.30042839050293,-12.005553245544434,0.21372371531574497,0.21372378369377762,6
2,mmlu,24,-2.0856661796569824,-1.614346981048584,-1.7087352275848389,-14.599662780761719,-11.30042839050293,-11.961146354675293,0.20026395873026626,0.20026402735307855,6
2,mmlu,25,-2.0856661796569824,-1.614346981048584,-1.629523754119873,-14.599662780761719,-11.30042839050293,-11.406665802001953,0.03220062632310707,0.032200625737505276,6
2,mmlu,26,-2.0856661796569824,-1.614346981048584,-1.631397008895874,-14.599662780761719,-11.30042839050293,-11.419778823852539,0.03617511923847487,0.03617519084541294,6
2,mmlu,27,-2.0856661796569824,-1.614346981048584,-1.580783486366272,-14.599662780761719,-11.30042839050293,-11.065484046936035,-0.07121181461211135,-0.07121177718464054,6
2,mmlu,28,-2.0856661796569824,-1.614346981048584,-1.575492024421692,-14.599662780761719,-11.30042839050293,-11.028443336486816,-0.08243873274418119,-0.08243883964217753,6
2,mmlu,29,-2.0856661796569824,-1.614346981048584,-1.5622791051864624,-14.599662780761719,-11.30042839050293,-10.935953140258789,-0.11047264172684224,-0.1104726758501927,6
2,mmlu,30,-2.0856661796569824,-1.614346981048584,-1.6182494163513184,-14.599662780761719,-11.30042839050293,-11.32774543762207,0.00827981418337025,0.008279814032793239,6
2,mmlu,31,-2.0856661796569824,-1.614346981048584,-1.614346981048584,-14.599662780761719,-11.30042839050293,-11.30042839050293,-0.0,-0.0,6
3,mmlu,0,-2.4454445838928223,-1.5620286464691162,-2.0025346279144287,-17.11811065673828,-10.934200286865234,-14.017742156982422,0.4986393925791605,0.49863948386543094,6
3,mmlu,1,-2.4454445838928223,-1.5620286464691162,-2.3302829265594482,-17.11811065673828,-10.934200286865234,-16.311979293823242,0.8696405127432801,0.8696405177303397,6
3,mmlu,2,-2.4454445838928223,-1.5620286464691162,-2.853092908859253,-17.11811065673828,-10.934200286865234,-19.971649169921875,1.4614455346704582,1.4614456479996867,6
3,mmlu,3,-2.4454445838928223,-1.5620286464691162,-2.236659288406372,-17.11811065673828,-10.934200286865234,-15.656614303588867,0.7636613977570815,0.7636614604517944,6
3,mmlu,4,-2.4454445838928223,-1.5620286464691162,-2.633899688720703,-17.11811065673828,-10.934200286865234,-18.437297821044922,1.2133254664962516,1.213325727175276,6
3,mmlu,5,-2.4454445838928223,-1.5620286464691162,-2.4591331481933594,-17.11811065673828,-10.934200286865234,-17.213932037353516,1.0154950503784292,1.0154952748404977,6
3,mmlu,6,-2.4454445838928223,-1.5620286464691162,-2.1734209060668945,-17.11811065673828,-10.934200286865234,-15.213945388793945,0.692077469534394,0.692077480569523,6
3,mmlu,7,-2.4454445838928223,-1.5620286464691162,-2.294491767883301,-17.11811065673828,-10.934200286865234,-16.06144142150879,0.8291260081197052,0.8291260442444083,6
3,mmlu,8,-2.4454445838928223,-1.5620286464691162,-2.152553081512451,-17.11811065673828,-10.934200286865234,-15.06787109375,0.6684557259064521,0.6684558097264574,6
3,mmlu,9,-2.4454445838928223,-1.5620286464691162,-2.093101978302002,-17.11811065673828,-10.934200286865234,-14.651713371276855,0.6011588826360056,0.6011589541359297,6
3,mmlu,10,-2.4454445838928223,-1.5620286464691162,-2.001417875289917,-17.11811065673828,-10.934200286865234,-14.00992488861084,0.49737526252462494,0.4973753535794702,6
3,mmlu,11,-2.4454445838928223,-1.5620286464691162,-1.8992667198181152,-17.11811065673828,-10.934200286865234,-13.294866561889648,0.381743256919175,0.38174328825052334,6
3,mmlu,12,-2.4454445838928223,-1.5620286464691162,-1.9142498970031738,-17.11811065673828,-10.934200286865234,-13.399748802185059,0.3987037584450574,0.3987037928813769,6
3,mmlu,13,-2.4454445838928223,-1.5620286464691162,-1.925962209701538,-17.11811065673828,-10.934200286865234,-13.481735229492188,0.4119617407100146,0.4119618161281453,6
3,mmlu,14,-2.4454445838928223,-1.5620286464691162,-1.8737872838974,-17.11811065673828,-10.934200286865234,-13.116510391235352,0.35290130928187047,0.3529013160557714,6
3,mmlu,15,-2.4454445838928223,-1.5620286464691162,-1.828577995300293,-17.11811065673828,-10.934200286865234,-12.800045013427734,0.3017257676217261,0.3017257071948897,6
3,mmlu,16,-2.4454445838928223,-1.5620286464691162,-1.7921792268753052,-17.11811065673828,-10.934200286865234,-12.54525375366211,0.2605234672159172,0.26052341852347766,6
3,mmlu,17,-2.4454445838928223,-1.5620286464691162,-1.7727906703948975,-17.11811065673828,-10.934200286865234,-12.409534454345703,0.23857621012157174,0.23857625379788927,6
3,mmlu,18,-2.4454445838928223,-1.5620286464691162,-1.763610601425171,-17.11811065673828,-10.934200286865234,-12.345273971557617,0.2281846508517516,0.22818469262567892,6
3,mmlu,19,-2.4454445838928223,-1.5620286464691162,-1.7664872407913208,-17.11811065673828,-10.934200286865234,-12.365409851074219,0.23144091924906135,0.2314408652324589,6
3,mmlu,20,-2.4454445838928223,-1.5620286464691162,-1.8169318437576294,-17.11811065673828,-10.934200286865234,-12.718522071838379,0.2885426777756701,0.28854263421272747,6
3,mmlu,21,-2.4454445838928223,-1.5620286464691162,-1.7822061777114868,-17.11811065673828,-10.934200286865234,-12.475442886352539,0.2492342784496442,0.24923430479981049,6
3,mmlu,22,-2.4454445838928223,-1.5620286464691162,-1.8227746486663818,-17.11811065673828,-10.934200286865234,-12.759422302246094,0.2951565554830732,0.29515660951759504,6
3,mmlu,23,-2.4454445838928223,-1.5620286464691162,-1.8025027513504028,-17.11811065673828,-10.934200286865234,-12.617518424987793,0.27220938339042405,0.2722093368373335,6
3,mmlu,24,-2.4454445838928223,-1.5620286464691162,-1.8023266792297363,-17.11811065673828,-10.934200286865234,-12.616286277770996,0.2720100750972399,0.2720100863396562,6
3,mmlu,25,-2.4454445838928223,-1.5620286464691162,-1.6458467245101929,-17.11811065673828,-10.934200286865234,-11.520926475524902,0.0948795187398468,0.0948794782775139,6
3,mmlu,26,-2.4454445838928223,-1.5620286464691162,-1.6456013917922974,-17.11811065673828,-10.934200286865234,-11.519208908081055,0.09460180955408312,0.09460173048624694,6
3,mmlu,27,-2.4454445838928223,-1.5620286464691162,-1.5812779664993286,-17.11811065673828,-10.934200286865234,-11.068944931030273,0.02178964566141448,0.021789553263803343,6
3,mmlu,28,-2.4454445838928223,-1.5620286464691162,-1.5719501972198486,-17.11811065673828,-10.934200286865234,-11.003650665283203,0.0112308941266958,0.011230819073417898,6
3,mmlu,29,-2.4454445838928223,-1.5620286464691162,-1.5695492029190063,-17.11811065673828,-10.934200286865234,-10.986844062805176,0.008513041497703391,0.00851302377886056,6
3,mmlu,30,-2.4454445838928223,-1.5620286464691162,-1.5636327266693115,-17.11811065673828,-10.934200286865234,-10.945428848266602,0.0018157700697940438,0.0018157704022083699,6
3,mmlu,31,-2.4454445838928223,-1.5620286464691162,-1.5620286464691162,-17.11811065673828,-10.934200286865234,-10.934200286865234,-0.0,-0.0,6
4,mmlu,0,-2.3481643199920654,-1.7790155410766602,-2.231637716293335,-16.437149047851562,-12.453107833862305,-15.62146282196045,0.7952616256716348,0.7952616014426861,6
4,mmlu,1,-2.3481643199920654,-1.7790155410766602,-2.2774291038513184,-16.437149047851562,-12.453107833862305,-15.94200325012207,0.8757175452113458,0.8757177041156858,6
4,mmlu,2,-2.3481643199920654,-1.7790155410766602,-2.201589345932007,-16.437149047851562,-12.453107833862305,-15.411125183105469,0.7424663426060322,0.7424665553863433,6
4,mmlu,3,-2.3481643199920654,-1.7790155410766602,-2.213364839553833,-16.437149047851562,-12.453107833862305,-15.493553161621094,0.7631560010309569,0.7631560950510157,6
4,mmlu,4,-2.3481643199920654,-1.7790155410766602,-2.189985990524292,-16.437149047851562,-12.453107833862305,-15.329901695251465,0.7220791327209494,0.7220793445882536,6
4,mmlu,5,-2.3481643199920654,-1.7790155410766602,-2.188258409500122,-16.437149047851562,-12.453107833862305,-15.317808151245117,0.7190437558238648,0.719043847868431,6
4,mmlu,6,-2.3481643199920654,-1.7790155410766602,-2.1121318340301514,-16.437149047851562,-12.453107833862305,-14.784921646118164,0.5852886119534128,0.5852885783211761,6
4,mmlu,7,-2.3481643199920654,-1.7790155410766602,-2.1258645057678223,-16.437149047851562,-12.453107833862305,-14.881050109863281,0.6094170516298096,0.6094169592347226,6
4,mmlu,8,-2.3481643199920654,-1.7790155410766602,-2.0629384517669678,-16.437149047851562,-12.453107833862305,-14.440568923950195,0.49885535416577204,0.4988555560363751,6
4,mmlu,9,-2.3481643199920654,-1.7790155410766602,-1.9862385988235474,-16.437149047851562,-12.453107833862305,-13.903669357299805,0.3640929561207354,0.3640930023477265,6
4,mmlu,10,-2.3481643199920654,-1.7790155410766602,-1.9567712545394897,-16.437149047851562,-12.453107833862305,-13.69739818572998,0.3123185416030481,0.31231864535481113,6
4,mmlu,11,-2.3481643199920654,-1.7790155410766602,-1.9033399820327759,-16.437149047851562,-12.453107833862305,-13.323379516601562,0.2184392688629263,0.2184394282538661,6
4,mmlu,12,-2.3481643199920654,-1.7790155410766602,-1.913440227508545,-16.437149047851562,-12.453107833862305,-13.394081115722656,0.23618549977372405,0.23618563003769794,6
4,mmlu,13,-2.3481643199920654,-1.7790155410766602,-1.908503532409668,-16.437149047851562,-12.453107833862305,-13.35952377319336,0.2275116777986989,0.2275116879874264,6
4,mmlu,14,-2.3481643199920654,-1.7790155410766602,-1.860801339149475,-16.437149047851562,-12.453107833862305,-13.025609016418457,0.14369845379560345,0.14369860983940164,6
4,mmlu,15,-2.3481643199920654,-1.7790155410766602,-1.8228143453598022,-16.437149047851562,-12.453107833862305,-12.759699821472168,0.07695493107471181,0.07695502428611176,6
4,mmlu,16,-2.3481643199920654,-1.7790155410766602,-1.842289924621582,-16.437149047851562,-12.453107833862305,-12.896028518676758,0.1111737159082331,0.11117372088696083,6
4,mmlu,17,-2.3481643199920654,-1.7790155410766602,-1.8230611085891724,-16.437149047851562,-12.453107833862305,-12.76142692565918,0.07738849650232463,0.07738852988973914,6
4,mmlu,18,-2.3481643199920654,-1.7790155410766602,-1.8687376976013184,-16.437149047851562,-12.453107833862305,-13.08116340637207,0.15764271386484183,0.15764284061140926,6
4,mmlu,19,-2.3481643199920654,-1.7790155410766602,-1.864199161529541,-16.437149047851562,-12.453107833862305,-13.049393653869629,0.14966846122712432,0.14966858761657828,6
4,mmlu,20,-2.3481643199920654,-1.7790155410766602,-1.9077696800231934,-16.437149047851562,-12.453107833862305,-13.354387283325195,0.2262222919183199,0.22622242173610832,6
4,mmlu,21,-2.3481643199920654,-1.7790155410766602,-1.921382188796997,-16.437149047851562,-12.453107833862305,-13.449674606323242,0.2501396040821401,0.25013967512762314,6
4,mmlu,22,-2.3481643199920654,-1.7790155410766602,-1.9442195892333984,-16.437149047851562,-12.453107833862305,-13.609536170959473,0.29026514187416824,0.290265154873204,6
4,mmlu,23,-2.3481643199920654,-1.7790155410766602,-1.9367196559906006,-16.437149047851562,-12.453107833862305,-13.557037353515625,0.2770876852013021,0.27708787714041344,6
4,mmlu,24,-2.3481643199920654,-1.7790155410766602,-1.9279780387878418,-16.437149047851562,-12.453107833862305,-13.495845794677734,0.2617285775651436,0.26172870897302125,6
4,mmlu,25,-2.3481643199920654,-1.7790155410766602,-1.8442003726959229,-16.437149047851562,-12.453107833862305,-12.909401893615723,0.1145303920159254,0.11453045698837815,6
4,mmlu,26,-2.3481643199920654,-1.7790155410766602,-1.8470462560653687,-16.437149047851562,-12.453107833862305,-12.929323196411133,0.11953063716249585,0.11953073228057712,6
4,mmlu,27,-2.3481643199920654,-1.7790155410766602,-1.7915940284729004,-16.437149047851562,-12.453107833862305,-12.541157722473145,0.022100526405794307,0.02210064708233305,6
4,mmlu,28,-2.3481643199920654,-1.7790155410766602,-1.8010976314544678,-16.437149047851562,-12.453107833862305,-12.607683181762695,0.03879845057011757,0.038798631837846674,6
4,mmlu,29,-2.3481643199920654,-1.7790155410766602,-1.790330171585083,-16.437149047851562,-12.453107833862305,-12.532310485839844,0.01987991738958604,0.019879978123276614,6
4,mmlu,30,-2.3481643199920654,-1.7790155410766602,-1.7754980325698853,-16.437149047851562,-12.453107833862305,-12.428485870361328,-0.006180297136507948,-0.0061801478047773094,6
4,mmlu,31,-2.3481643199920654,-1.7790155410766602,-1.7790155410766602,-16.437149047851562,-12.453107833862305,-12.453107833862305,-0.0,-0.0,6
5,mmlu,0,-1.7602125406265259,-1.412516713142395,-1.7472975254058838,-12.321487426757812,-9.887616157531738,-12.23108196258545,0.962855448437393,0.9628552850403802,6
5,mmlu,1,-1.7602125406265259,-1.412516713142395,-1.7582827806472778,-12.321487426757812,-9.887616157531738,-12.307978630065918,0.9944498901562538,0.9944496708111874,6
5,mmlu,2,-1.7602125406265259,-1.412516713142395,-1.7028030157089233,-12.321487426757812,-9.887616157531738,-11.919620513916016,0.8348858052621736,0.8348857190706204,6
5,mmlu,3,-1.7602125406265259,-1.412516713142395,-1.688381314277649,-12.321487426757812,-9.887616157531738,-11.818668365478516,0.7934078791380474,0.7934077041366666,6
5,mmlu,4,-1.7602125406265259,-1.412516713142395,-1.721329927444458,-12.321487426757812,-9.887616157531738,-12.049308776855469,0.8881706329877191,0.8881704860638802,6
5,mmlu,5,-1.7602125406265259,-1.412516713142395,-1.6612331867218018,-12.321487426757812,-9.887616157531738,-11.628631591796875,0.7153277694827559,0.7153276606827377,6
5,mmlu,6,-1.7602125406265259,-1.412516713142395,-1.559359073638916,-12.321487426757812,-9.887616157531738,-10.915513038635254,0.42232995944284835,0.42233001322772007,6
5,mmlu,7,-1.7602125406265259,-1.412516713142395,-1.6014387607574463,-12.321487426757812,-9.887616157531738,-11.210070610046387,0.5433543865498867,0.5433543156819085,6
5,mmlu,8,-1.7602125406265259,-1.412516713142395,-1.525418758392334,-12.321487426757812,-9.887616157531738,-10.67793083190918,0.32471499389000247,0.3247150692057339,6
5,mmlu,9,-1.7602125406265259,-1.412516713142395,-1.5110371112823486,-12.321487426757812,-9.887616157531738,-10.577259063720703,0.2833522670845765,0.2833522535650708,6
5,mmlu,10,-1.7602125406265259,-1.412516713142395,-1.4885302782058716,-12.321487426757812,-9.887616157531738,-10.419711112976074,0.2186208784836645,0.2186208302626213,6
5,mmlu,11,-1.7602125406265259,-1.412516713142395,-1.4685914516448975,-12.321487426757812,-9.887616157531738,-10.280139923095703,0.1612752747739387,0.1612754840980291,6
5,mmlu,12,-1.7602125406265259,-1.412516713142395,-1.4524352550506592,-12.321487426757812,-9.887616157531738,-10.167046546936035,0.114808806723958,0.11480902629712245,6
5,mmlu,13,-1.7602125406265259,-1.412516713142395,-1.4578303098678589,-12.321487426757812,-9.887616157531738,-10.204812049865723,0.1303254006716144,0.13032566580158672,6
5,mmlu,14,-1.7602125406265259,-1.412516713142395,-1.4511276483535767,-12.321487426757812,-9.887616157531738,-10.157893180847168,0.11104802896555946,0.11104820038894446,6
5,mmlu,15,-1.7602125406265259,-1.412516713142395,-1.4432233572006226,-12.321487426757812,-9.887616157531738,-10.10256290435791,0.08831467769850011,0.08831475617758063,6
5,mmlu,16,-1.7602125406265259,-1.412516713142395,-1.4569841623306274,-12.321487426757812,-9.887616157531738,-10.198888778686523,0.1278918150640738,0.12789198277223754,6
5,mmlu,17,-1.7602125406265259,-1.412516713142395,-1.4590202569961548,-12.321487426757812,-9.887616157531738,-10.213141441345215,0.13374778043133126,0.1337479468478491,6
5,mmlu,18,-1.7602125406265259,-1.412516713142395,-1.4699019193649292,-12.321487426757812,-9.887616157531738,-10.289313316345215,0.16504428105510152,0.16504453852715645,6
5,mmlu,19,-1.7602125406265259,-1.412516713142395,-1.478015661239624,-12.321487426757812,-9.887616157531738,-10.346109390258789,0.1883800287595304,0.18838023210514557,6
5,mmlu,20,-1.7602125406265259,-1.412516713142395,-1.5057737827301025,-12.321487426757812,-9.887616157531738,-10.54041576385498,0.26821452803919293,0.268214517858607,6
5,mmlu,21,-1.7602125406265259,-1.412516713142395,-1.5225335359573364,-12.321487426757812,-9.887616157531738,-10.657733917236328,0.3164168715373249,0.31641680174549286,6
5,mmlu,22,-1.7602125406265259,-1.412516713142395,-1.5175423622131348,-12.321487426757812,-9.887616157531738,-10.622796058654785,0.302061870719895,0.30206195103220884,6
5,mmlu,23,-1.7602125406265259,-1.412516713142395,-1.4968922138214111,-12.321487426757812,-9.887616157531738,-10.47824478149414,0.24267045053789604,0.24267044599154816,6
5,mmlu,24,-1.7602125406265259,-1.412516713142395,-1.4879189729690552,-12.321487426757812,-9.887616157531738,-10.41543197631836,0.21686271745302654,0.2168626696197796,6
5,mmlu,25,-1.7602125406265259,-1.412516713142395,-1.445261836051941,-12.321487426757812,-9.887616157531738,-10.116832733154297,0.09417750016806116,0.09417777327114878,6
5,mmlu,26,-1.7602125406265259,-1.412516713142395,-1.44028639793396,-12.321487426757812,-9.887616157531738,-10.08200454711914,0.07986775622583488,0.07986798350592061,6
5,mmlu,27,-1.7602125406265259,-1.412516713142395,-1.411030888557434,-12.321487426757812,-9.887616157531738,-9.877215385437012,-0.004273346155591163,-0.0042733452130224074,6
5,mmlu,28,-1.7602125406265259,-1.412516713142395,-1.4156979322433472,-12.321487426757812,-9.887616157531738,-9.90988540649414,0.009149431603667024,0.009149723461331949,6
5,mmlu,29,-1.7602125406265259,-1.412516713142395,-1.396227240562439,-12.321487426757812,-9.887616157531738,-9.773590087890625,-0.04684978006875081,-0.04684967177654723,6
5,mmlu,30,-1.7602125406265259,-1.412516713142395,-1.4101325273513794,-12.321487426757812,-9.887616157531738,-9.870926856994629,-0.006857102303580173,-0.0068571007911142606,6
5,mmlu,31,-1.7602125406265259,-1.412516713142395,-1.412516713142395,-12.321487426757812,-9.887616157531738,-9.887616157531738,-0.0,-0.0,6
6,mmlu,0,-2.344982624053955,-1.6563355922698975,-2.319472551345825,-16.41487693786621,-11.594348907470703,-16.23630714416504,0.9629562578488444,0.9629563850794667,6
6,mmlu,1,-2.344982624053955,-1.6563355922698975,-2.381765842437744,-16.41487693786621,-11.594348907470703,-16.672359466552734,1.053413762377852,1.053413762475215,6
6,mmlu,2,-2.344982624053955,-1.6563355922698975,-2.389514207839966,-16.41487693786621,-11.594348907470703,-16.726598739624023,1.0646653399743806,1.0646654910912097,6
6,mmlu,3,-2.344982624053955,-1.6563355922698975,-2.4171664714813232,-16.41487693786621,-11.594348907470703,-16.920164108276367,1.1048198208138091,1.1048198824428157,6
6,mmlu,4,-2.344982624053955,-1.6563355922698975,-2.3269944190979004,-16.41487693786621,-11.594348907470703,-16.288959503173828,0.9738789330570934,0.9738789144758354,6
6,mmlu,5,-2.344982624053955,-1.6563355922698975,-2.2931907176971436,-16.41487693786621,-11.594348907470703,-16.05233383178711,0.9247918095650284,0.9247918289147594,6
6,mmlu,6,-2.344982624053955,-1.6563355922698975,-2.2591888904571533,-16.41487693786621,-11.594348907470703,-15.814321517944336,0.8754169830364786,0.8754170897086495,6
6,mmlu,7,-2.344982624053955,-1.6563355922698975,-2.3070783615112305,-16.41487693786621,-11.594348907470703,-16.149547576904297,0.9449583729491385,0.9449584464939704,6
6,mmlu,8,-2.344982624053955,-1.6563355922698975,-2.2216343879699707,-16.41487693786621,-11.594348907470703,-15.55143928527832,0.8208832359945016,0.8208831814824616,6
6,mmlu,9,-2.344982624053955,-1.6563355922698975,-2.1826181411743164,-16.41487693786621,-11.594348907470703,-15.278326988220215,0.7642268568024795,0.7642270857388884,6
6,mmlu,10,-2.344982624053955,-1.6563355922698975,-1.9368891716003418,-16.41487693786621,-11.594348907470703,-13.558223724365234,0.40739823226654265,0.4073982784843147,6
6,mmlu,11,-2.344982624053955,-1.6563355922698975,-1.8310143947601318,-16.41487693786621,-11.594348907470703,-12.817100524902344,0.25365506124995524,0.2536551208204196,6
6,mmlu,12,-2.344982624053955,-1.6563355922698975,-1.8354473114013672,-16.41487693786621,-11.594348907470703,-12.848130226135254,0.26009220030814956,0.2600921130133131,6
6,mmlu,13,-2.344982624053955,-1.6563355922698975,-1.8554320335388184,-16.41487693786621,-11.594348907470703,-12.98802375793457,0.2891124697717092,0.2891124882102689,6
6,mmlu,14,-2.344982624053955,-1.6563355922698975,-1.7912874221801758,-16.41487693786621,-11.594348907470703,-12.539011001586914,0.1959666209848154,0.19596651863019451,6
6,mmlu,15,-2.344982624053955,-1.6563355922698975,-1.747978925704956,-16.41487693786621,-11.594348907470703,-12.235852241516113,0.13307736842837264,0.13307739968136872,6
6,mmlu,16,-2.344982624053955,-1.6563355922698975,-1.7587916851043701,-16.41487693786621,-11.594348907470703,-12.311541557312012,0.1487788222318056,0.1487788571722617,6
6,mmlu,17,-2.344982624053955,-1.6563355922698975,-1.7389631271362305,-16.41487693786621,-11.594348907470703,-12.172740936279297,0.1199853223096388,0.11998520211093777,6
6,mmlu,18,-2.344982624053955,-1.6563355922698975,-1.761480689048767,-16.41487693786621,-11.594348907470703,-12.330364227294922,0.15268358600676632,0.15268354767572354,6
6,mmlu,19,-2.344982624053955,-1.6563355922698975,-1.750220537185669,-16.41487693786621,-11.594348907470703,-12.251543045043945,0.13633246343322086,0.1363323965326358,6
6,mmlu,20,-2.344982624053955,-1.6563355922698975,-1.7885624170303345,-16.41487693786621,-11.594348907470703,-12.519936561584473,0.1920095790407702,0.1920095994043881,6
6,mmlu,21,-2.344982624053955,-1.6563355922698975,-1.786677360534668,-16.41487693786621,-11.594348907470703,-12.50674057006836,0.1892722456376823,0.18927214171089865,6
6,mmlu,22,-2.344982624053955,-1.6563355922698975,-1.790991187095642,-16.41487693786621,-11.594348907470703,-12.536937713623047,0.19553645128224956,0.1955364230151301,6
6,mmlu,23,-2.344982624053955,-1.6563355922698975,-1.795507788658142,-16.41487693786621,-11.594348907470703,-12.568553924560547,0.20209511111758724,0.202095084390758,6
6,mmlu,24,-2.344982624053955,-1.6563355922698975,-1.7899599075317383,-16.41487693786621,-11.594348907470703,-12.529718399047852,0.19403890677645602,0.1940388039691147,6
6,mmlu,25,-2.344982624053955,-1.6563355922698975,-1.695086121559143,-16.41487693786621,-11.594348907470703,-11.865602493286133,0.056270524758614,0.05627051324414338,6
6,mmlu,26,-2.344982624053955,-1.6563355922698975,-1.6922633647918701,-16.41487693786621,-11.594348907470703,-11.845843315124512,0.052171535468048105,0.05217154772044543,6
6,mmlu,27,-2.344982624053955,-1.6563355922698975,-1.6556098461151123,-16.41487693786621,-11.594348907470703,-11.589268684387207,-0.0010538724946562422,-0.0010538727421564244,6
6,mmlu,28,-2.344982624053955,-1.6563355922698975,-1.6500056982040405,-16.41487693786621,-11.594348907470703,-11.550039291381836,-0.009191783113296945,-0.009191859460497801,6
6,mmlu,29,-2.344982624053955,-1.6563355922698975,-1.6439073085784912,-16.41487693786621,-11.594348907470703,-11.50735092163086,-0.018047393364468,-0.018047397602867967,6
6,mmlu,30,-2.344982624053955,-1.6563355922698975,-1.6591694355010986,-16.41487693786621,-11.594348907470703,-11.614185333251953,0.004115088196939584,0.00411499024532638,6
6,mmlu,31,-2.344982624053955,-1.6563355922698975,-1.6563355922698975,-16.41487693786621,-11.594348907470703,-11.594348907470703,-0.0,-0.0,6
7,mmlu,0,-2.453505516052246,-1.6673128604888916,-2.283731698989868,-17.174537658691406,-11.671189308166504,-15.98612117767334,0.7840557171064292,0.7840557425255191,6
7,mmlu,1,-2.453505516052246,-1.6673128604888916,-2.4760193824768066,-17.174537658691406,-11.671189308166504,-17.332134246826172,1.0286365899650818,1.0286364933461098,6
7,mmlu,2,-2.453505516052246,-1.6673128604888916,-2.7451908588409424,-17.174537658691406,-11.671189308166504,-19.21633529663086,1.3710100246227643,1.3710100690709157,6
7,mmlu,3,-2.453505516052246,-1.6673128604888916,-2.319305896759033,-17.174537658691406,-11.671189308166504,-16.235139846801758,0.8293044204235074,0.8293043173421856,6
7,mmlu,4,-2.453505516052246,-1.6673128604888916,-2.6872565746307373,-17.174537658691406,-11.671189308166504,-18.810794830322266,1.2973203449531057,1.2973203003673206,6
7,mmlu,5,-2.453505516052246,-1.6673128604888916,-2.4747724533081055,-17.174537658691406,-11.671189308166504,-17.323406219482422,1.0270505548174143,1.0270505447919396,6
7,mmlu,6,-2.453505516052246,-1.6673128604888916,-2.2121663093566895,-17.174537658691406,-11.671189308166504,-15.485162734985352,0.6930279136322594,0.6930278061328525,6
7,mmlu,7,-2.453505516052246,-1.6673128604888916,-2.3346734046936035,-17.174537658691406,-11.671189308166504,-16.34271240234375,0.8488511664040151,0.848851063956399,6
7,mmlu,8,-2.453505516052246,-1.6673128604888916,-2.1932284832000732,-17.174537658691406,-11.671189308166504,-15.352599143981934,0.6689398911056098,0.6689399994375609,6
7,mmlu,9,-2.453505516052246,-1.6673128604888916,-2.1176109313964844,-17.174537658691406,-11.671189308166504,-14.82327651977539,0.5727579282873182,0.5727580768235079,6
7,mmlu,10,-2.453505516052246,-1.6673128604888916,-2.0178897380828857,-17.174537658691406,-11.671189308166504,-14.125226974487305,0.44591726922449737,0.4459171970362206,6
7,mmlu,11,-2.453505516052246,-1.6673128604888916,-1.9030994176864624,-17.174537658691406,-11.671189308166504,-13.321695327758789,0.29990939056497473,0.29990942194926773,6
7,mmlu,12,-2.453505516052246,-1.6673128604888916,-1.916054368019104,-17.174537658691406,-11.671189308166504,-13.41238021850586,0.3163874769548043,0.3163875521957752,6
7,mmlu,13,-2.453505516052246,-1.6673128604888916,-1.9330596923828125,-17.174537658691406,-11.671189308166504,-13.531416893005371,0.33801744825976754,0.33801741589583645,6
7,mmlu,14,-2.453505516052246,-1.6673128604888916,-1.8747740983963013,-17.174537658691406,-11.671189308166504,-13.123417854309082,0.26388091910825645,0.2638809060020479,6
7,mmlu,15,-2.453505516052246,-1.6673128604888916,-1.8315868377685547,-17.174537658691406,-11.671189308166504,-12.821106910705566,0.20894875856025194,0.20894872201191336,6
7,mmlu,16,-2.453505516052246,-1.6673128604888916,-1.841428518295288,-17.174537658691406,-11.671189308166504,-12.889999389648438,0.2214669124532857,0.22146700627816066,6
7,mmlu,17,-2.453505516052246,-1.6673128604888916,-1.8156321048736572,-17.174537658691406,-11.671189308166504,-12.709424018859863,0.1886550901000682,0.1886550962162671,6
7,mmlu,18,-2.453505516052246,-1.6673128604888916,-1.8194109201431274,-17.174537658691406,-11.671189308166504,-12.735876083374023,0.19346156506621656,0.1934616363219289,6
7,mmlu,19,-2.453505516052246,-1.6673128604888916,-1.820889949798584,-17.174537658691406,-11.671189308166504,-12.74622917175293,0.19534282109653306,0.19534287075200657,6
7,mmlu,20,-2.453505516052246,-1.6673128604888916,-1.8429770469665527,-17.174537658691406,-11.671189308166504,-12.900838851928711,0.22343656795693778,0.22343661852321064,6
7,mmlu,21,-2.453505516052246,-1.6673128604888916,-1.8428854942321777,-17.174537658691406,-11.671189308166504,-12.900197982788086,0.22332011719274955,0.22332016775524713,6
7,mmlu,22,-2.453505516052246,-1.6673128604888916,-1.8746548891067505,-17.174537658691406,-11.671189308166504,-13.122583389282227,0.2637292905090531,0.26372927739792873,6
7,mmlu,23,-2.453505516052246,-1.6673128604888916,-1.8564293384552002,-17.174537658691406,-11.671189308166504,-12.995004653930664,0.2405472488626439,0.24054725666118681,6
7,mmlu,24,-2.453505516052246,-1.6673128604888916,-1.850555181503296,-17.174537658691406,-11.671189308166504,-12.953886032104492,0.23307559800829747,0.2330756922095261,6
7,mmlu,25,-2.453505516052246,-1.6673128604888916,-1.7186994552612305,-17.174537658691406,-11.671189308166504,-12.030895233154297,0.06536132722981308,0.0653612860263693,6
7,mmlu,26,-2.453505516052246,-1.6673128604888916,-1.7156764268875122,-17.174537658691406,-11.671189308166504,-12.009734153747559,0.06151617758261424,0.06151615791573984,6
7,mmlu,27,-2.453505516052246,-1.6673128604888916,-1.660703182220459,-17.174537658691406,-11.671189308166504,-11.624921798706055,-0.00840719931143134,-0.008407156261534461,6
7,mmlu,28,-2.453505516052246,-1.6673128604888916,-1.6714881658554077,-17.174537658691406,-11.671189308166504,-11.700416564941406,0.005310791687098847,0.005310813520503898,6
7,mmlu,29,-2.453505516052246,-1.6673128604888916,-1.6621721982955933,-17.174537658691406,-11.671189308166504,-11.635205268859863,-0.0065386800834479255,-0.006538571989286165,6
7,mmlu,30,-2.453505516052246,-1.6673128604888916,-1.6568394899368286,-17.174537658691406,-11.671189308166504,-11.597875595092773,-0.013321633840212517,-0.013321655933329108,6
7,mmlu,31,-2.453505516052246,-1.6673128604888916,-1.6673128604888916,-17.174537658691406,-11.671189308166504,-11.671189308166504,-0.0,-0.0,6
8,mmlu,0,-1.6743355989456177,-1.2980375289916992,-1.710070013999939,-11.720348358154297,-9.086262702941895,-11.970489501953125,1.094963086067192,1.0949631817224599,6
8,mmlu,1,-1.6743355989456177,-1.2980375289916992,-1.741696834564209,-11.720348358154297,-9.086262702941895,-12.191877365112305,1.1790103452216585,1.179010510844641,6
8,mmlu,2,-1.6743355989456177,-1.2980375289916992,-1.710959792137146,-11.720348358154297,-9.086262702941895,-11.976717948913574,1.097327642869095,1.0973277392195822,6
8,mmlu,3,-1.6743355989456177,-1.2980375289916992,-1.7475202083587646,-11.720348358154297,-9.086262702941895,-12.232641220092773,1.1944857739157868,1.1944860346016453,6
8,mmlu,4,-1.6743355989456177,-1.2980375289916992,-1.772557258605957,-11.720348358154297,-9.086262702941895,-12.407899856567383,1.261020930249727,1.2610209389595015,6
8,mmlu,5,-1.6743355989456177,-1.2980375289916992,-1.613094449043274,-11.720348358154297,-9.086262702941895,-11.29166030883789,0.8372536390173169,0.837253568388875,6
8,mmlu,6,-1.6743355989456177,-1.2980375289916992,-1.5278466939926147,-11.720348358154297,-9.086262702941895,-10.694926261901855,0.6107104698574795,0.6107104231344174,6
8,mmlu,7,-1.6743355989456177,-1.2980375289916992,-1.5492886304855347,-11.720348358154297,-9.086262702941895,-10.845020294189453,0.6676917269374275,0.6676918779934884,6
8,mmlu,8,-1.6743355989456177,-1.2980375289916992,-1.4956001043319702,-11.720348358154297,-9.086262702941895,-10.469200134277344,0.525016194248954,0.5250161223303483,6
8,mmlu,9,-1.6743355989456177,-1.2980375289916992,-1.4963099956512451,-11.720348358154297,-9.086262702941895,-10.474169731140137,0.5269027076138165,0.5269027720191409,6
8,mmlu,10,-1.6743355989456177,-1.2980375289916992,-1.423150897026062,-11.720348358154297,-9.086262702941895,-9.962056159973145,0.33248475437179825,0.33248480687142934,6
8,mmlu,11,-1.6743355989456177,-1.2980375289916992,-1.3910562992095947,-11.720348358154297,-9.086262702941895,-9.737393379211426,0.24719439220411235,0.24719419334485102,6
8,mmlu,12,-1.6743355989456177,-1.2980375289916992,-1.381817102432251,-11.720348358154297,-9.086262702941895,-9.67271900177002,0.2226415237187548,0.22264131764054143,6
8,mmlu,13,-1.6743355989456177,-1.2980375289916992,-1.3895890712738037,-11.720348358154297,-9.086262702941895,-9.727123260498047,0.24329528112187426,0.24329526214189434,6
8,mmlu,14,-1.6743355989456177,-1.2980375289916992,-1.3756464719772339,-11.720348358154297,-9.086262702941895,-9.629525184631348,0.20624327161037895,0.2062432869929127,6
8,mmlu,15,-1.6743355989456177,-1.2980375289916992,-1.3647602796554565,-11.720348358154297,-9.086262702941895,-9.553321838378906,0.17731356540059814,0.1773135722773167,6
8,mmlu,16,-1.6743355989456177,-1.2980375289916992,-1.371383547782898,-11.720348358154297,-9.086262702941895,-9.599684715270996,0.19491468757553707,0.19491469962727853,6
8,mmlu,17,-1.6743355989456177,-1.2980375289916992,-1.3720530271530151,-11.720348358154297,-9.086262702941895,-9.604371070861816,0.19669380748436457,0.19669382005919692,6
8,mmlu,18,-1.6743355989456177,-1.2980375289916992,-1.37606680393219,-11.720348358154297,-9.086262702941895,-9.632467269897461,0.20736029027108513,0.20736021546919844,6
8,mmlu,19,-1.6743355989456177,-1.2980375289916992,-1.3782296180725098,-11.720348358154297,-9.086262702941895,-9.64760684967041,0.21310789933551846,0.2131077809671033,6
8,mmlu,20,-1.6743355989456177,-1.2980375289916992,-1.3879666328430176,-11.720348358154297,-9.086262702941895,-9.715765953063965,0.23898370313769648,0.23898359237719835,6
8,mmlu,21,-1.6743355989456177,-1.2980375289916992,-1.388339638710022,-11.720348358154297,-9.086262702941895,-9.718377113342285,0.23997495424074514,0.2399748890281126,6
8,mmlu,22,-1.6743355989456177,-1.2980375289916992,-1.40552818775177,-11.720348358154297,-9.086262702941895,-9.838696479797363,0.2856529708742961,0.28565273806607583,6
8,mmlu,23,-1.6743355989456177,-1.2980375289916992,-1.3946410417556763,-11.720348358154297,-9.086262702941895,-9.762486457824707,0.25672073030567083,0.2567204889908902,6
8,mmlu,24,-1.6743355989456177,-1.2980375289916992,-1.3888800144195557,-11.720348358154297,-9.086262702941895,-9.722159385681152,0.2414109853210007,0.24141078476132144,6
8,mmlu,25,-1.6743355989456177,-1.2980375289916992,-1.3289231061935425,-11.720348358154297,-9.086262702941895,-9.302461624145508,0.08207742874259175,0.08207740761830082,6
8,mmlu,26,-1.6743355989456177,-1.2980375289916992,-1.3279831409454346,-11.720348358154297,-9.086262702941895,-9.295881271362305,0.07957950130649756,0.07957925316566818,6
8,mmlu,27,-1.6743355989456177,-1.2980375289916992,-1.2979656457901,-11.720348358154297,-9.086262702941895,-9.085759162902832,-0.00019102729790295472,-0.0001911631233318902,6
8,mmlu,28,-1.6743355989456177,-1.2980375289916992,-1.2986860275268555,-11.720348358154297,-9.086262702941895,-9.090802192687988,0.0017233640142488784,0.0017233645209465858,6
8,mmlu,29,-1.6743355989456177,-1.2980375289916992,-1.2911357879638672,-11.720348358154297,-9.086262702941895,-9.03795051574707,-0.018341154957528135,-0.018341160350133,6
8,mmlu,30,-1.6743355989456177,-1.2980375289916992,-1.2988821268081665,-11.720348358154297,-9.086262702941895,-9.092174530029297,0.002244491551645828,0.0022443564422999756,6
8,mmlu,31,-1.6743355989456177,-1.2980375289916992,-1.2980375289916992,-11.720348358154297,-9.086262702941895,-9.086262702941895,-0.0,-0.0,6
9,mmlu,0,-1.8182177543640137,-1.4838231801986694,-1.7503869533538818,-12.727523803710938,-10.386761665344238,-12.252708435058594,0.797153428078477,0.7971535198308881,6
9,mmlu,1,-1.8182177543640137,-1.4838231801986694,-1.7968549728393555,-12.727523803710938,-10.386761665344238,-12.577983856201172,0.936115075381144,0.9361148509292957,6
9,mmlu,2,-1.8182177543640137,-1.4838231801986694,-1.79722261428833,-12.727523803710938,-10.386761665344238,-12.580557823181152,0.9372144994997516,0.9372144786739467,6
9,mmlu,3,-1.8182177543640137,-1.4838231801986694,-1.815588116645813,-12.727523803710938,-10.386761665344238,-12.709115982055664,0.9921361529163482,0.9921359751030671,6
9,mmlu,4,-1.8182177543640137,-1.4838231801986694,-1.8514541387557983,-12.727523803710938,-10.386761665344238,-12.96017837524414,1.099392747231832,1.0993926630620692,6
9,mmlu,5,-1.8182177543640137,-1.4838231801986694,-1.7688229084014893,-12.727523803710938,-10.386761665344238,-12.381759643554688,0.8522857688018496,0.8522856526231002,6
9,mmlu,6,-1.8182177543640137,-1.4838231801986694,-1.7185622453689575,-12.727523803710938,-10.386761665344238,-12.029934883117676,0.7019822997308633,0.7019821441318284,6
9,mmlu,7,-1.8182177543640137,-1.4838231801986694,-1.7571357488632202,-12.727523803710938,-10.386761665344238,-12.299949645996094,0.817335560901669,0.8173354983262695,6
9,mmlu,8,-1.8182177543640137,-1.4838231801986694,-1.7316062450408936,-12.727523803710938,-10.386761665344238,-12.121243476867676,0.7409901098742313,0.7409902059265191,6
9,mmlu,9,-1.8182177543640137,-1.4838231801986694,-1.714543104171753,-12.727523803710938,-10.386761665344238,-12.001801490783691,0.6899631414432983,0.6899632414022225,6
9,mmlu,10,-1.8182177543640137,-1.4838231801986694,-1.6436275243759155,-12.727523803710938,-10.386761665344238,-11.505392074584961,0.47789157271775945,0.4778915361302702,6
9,mmlu,11,-1.8182177543640137,-1.4838231801986694,-1.5913234949111938,-12.727523803710938,-10.386761665344238,-11.139264106750488,0.32147745876446115,0.3214775360071805,6
9,mmlu,12,-1.8182177543640137,-1.4838231801986694,-1.5671868324279785,-12.727523803710938,-10.386761665344238,-10.970307350158691,0.24929727083748052,0.24929730267877778,6
9,mmlu,13,-1.8182177543640137,-1.4838231801986694,-1.5774435997009277,-12.727523803710938,-10.386761665344238,-11.042104721069336,0.27996992037217117,0.27996994986516327,6
9,mmlu,14,-1.8182177543640137,-1.4838231801986694,-1.5524201393127441,-12.727523803710938,-10.386761665344238,-10.86694049835205,0.20513778172589062,0.20513781694804856,6
9,mmlu,15,-1.8182177543640137,-1.4838231801986694,-1.5359339714050293,-12.727523803710938,-10.386761665344238,-10.751537322998047,0.15583623895451015,0.1558362779512056,6
9,mmlu,16,-1.8182177543640137,-1.4838231801986694,-1.5414578914642334,-12.727523803710938,-10.386761665344238,-10.790205001831055,0.17235540718020162,0.17235554676729362,6
9,mmlu,17,-1.8182177543640137,-1.4838231801986694,-1.5384624004364014,-12.727523803710938,-10.386761665344238,-10.76923656463623,0.16339745346672294,0.16339759373963794,6
9,mmlu,18,-1.8182177543640137,-1.4838231801986694,-1.5386738777160645,-12.727523803710938,-10.386761665344238,-10.770716667175293,0.16402987187995563,0.16402991024934466,6
9,mmlu,19,-1.8182177543640137,-1.4838231801986694,-1.5422669649124146,-12.727523803710938,-10.386761665344238,-10.795867919921875,0.17477492452552873,0.17477480928961225,6
9,mmlu,20,-1.8182177543640137,-1.4838231801986694,-1.5606950521469116,-12.727523803710938,-10.386761665344238,-10.924864768981934,0.22988373671718013,0.2298837191172281,6
9,mmlu,21,-1.8182177543640137,-1.4838231801986694,-1.5629651546478271,-12.727523803710938,-10.386761665344238,-10.940755844116211,0.23667243110454778,0.23667256576751355,6
9,mmlu,22,-1.8182177543640137,-1.4838231801986694,-1.583911657333374,-12.727523803710938,-10.386761665344238,-11.087381362915039,0.29931251240440315,0.29931264227162985,6
9,mmlu,23,-1.8182177543640137,-1.4838231801986694,-1.570329189300537,-12.727523803710938,-10.386761665344238,-10.992303848266602,0.2586944238097544,0.2586944549316035,6
9,mmlu,24,-1.8182177543640137,-1.4838231801986694,-1.5629976987838745,-12.727523803710938,-10.386761665344238,-10.940983772277832,0.23676975366757624,0.23676993925064493,6
9,mmlu,25,-1.8182177543640137,-1.4838231801986694,-1.5101226568222046,-12.727523803710938,-10.386761665344238,-10.570858001708984,0.07864803869996868,0.07864803267865667,6
9,mmlu,26,-1.8182177543640137,-1.4838231801986694,-1.5076550245285034,-12.727523803710938,-10.386761665344238,-10.553585052490234,0.07126863556923768,0.07126883382311022,6
9,mmlu,27,-1.8182177543640137,-1.4838231801986694,-1.4787579774856567,-12.727523803710938,-10.386761665344238,-10.35130500793457,-0.015147383527766206,-0.0151474842231869,6
9,mmlu,28,-1.8182177543640137,-1.4838231801986694,-1.4769418239593506,-12.727523803710938,-10.386761665344238,-10.338592529296875,-0.020578552933403254,-0.020578398575242667,6
9,mmlu,29,-1.8182177543640137,-1.4838231801986694,-1.4739223718643188,-12.727523803710938,-10.386761665344238,-10.317456245422363,-0.02960816172076005,-0.029608057598844467,6
9,mmlu,30,-1.8182177543640137,-1.4838231801986694,-1.4792439937591553,-12.727523803710938,-10.386761665344238,-10.354707717895508,-0.013693961954626578,-0.013693808123551868,6
9,mmlu,31,-1.8182177543640137,-1.4838231801986694,-1.4838231801986694,-12.727523803710938,-10.386761665344238,-10.386761665344238,-0.0,-0.0,6
10,mmlu,0,-1.8055860996246338,-1.4362131357192993,-1.7627490758895874,-12.6391019821167,-10.053491592407227,-12.339242935180664,0.8840277468013401,0.8840277563513926,6
10,mmlu,1,-1.8055860996246338,-1.4362131357192993,-1.8237760066986084,-12.6391019821167,-10.053491592407227,-12.76643180847168,1.0492453951532046,1.049245562036028,6
10,mmlu,2,-1.8055860996246338,-1.4362131357192993,-1.8334310054779053,-12.6391019821167,-10.053491592407227,-12.834016799926758,1.0753842845256283,1.0753844544172815,6
10,mmlu,3,-1.8055860996246338,-1.4362131357192993,-1.8718901872634888,-12.6391019821167,-10.053491592407227,-13.103230476379395,1.1795044735621003,1.179504424914494,6
10,mmlu,4,-1.8055860996246338,-1.4362131357192993,-1.9484572410583496,-12.6391019821167,-10.053491592407227,-13.639200210571289,1.3867937539095834,1.386793867437585,6
10,mmlu,5,-1.8055860996246338,-1.4362131357192993,-1.872682809829712,-12.6391019821167,-10.053491592407227,-13.108778953552246,1.1816503333437731,1.1816503310480682,6
10,mmlu,6,-1.8055860996246338,-1.4362131357192993,-1.8322312831878662,-12.6391019821167,-10.053491592407227,-12.825618743896484,1.07213628740685,1.0721364569246286,6
10,mmlu,7,-1.8055860996246338,-1.4362131357192993,-1.867194414138794,-12.6391019821167,-10.053491592407227,-13.07036018371582,1.1667916501811597,1.1667916461750818,6
10,mmlu,8,-1.8055860996246338,-1.4362131357192993,-1.8221755027770996,-12.6391019821167,-10.053491592407227,-12.755228042602539,1.0449123656106059,1.0449124397848712,6
10,mmlu,9,-1.8055860996246338,-1.4362131357192993,-1.7680795192718506,-12.6391019821167,-10.053491592407227,-12.376556396484375,0.8984588071318409,0.8984589566577217,6
10,mmlu,10,-1.8055860996246338,-1.4362131357192993,-1.6642606258392334,-12.6391019821167,-10.053491592407227,-11.649824142456055,0.6173908720408905,0.6173909892132305,6
10,mmlu,11,-1.8055860996246338,-1.4362131357192993,-1.6156116724014282,-12.6391019821167,-10.053491592407227,-11.309281349182129,0.48568400795285743,0.4856840638596163,6
10,mmlu,12,-1.8055860996246338,-1.4362131357192993,-1.6311981678009033,-12.6391019821167,-10.053491592407227,-11.418386459350586,0.5278811835573001,0.5278811060066688,6
10,mmlu,13,-1.8055860996246338,-1.4362131357192993,-1.639309287071228,-12.6391019821167,-10.053491592407227,-11.475164413452148,0.5498403421382596,0.5498403132202252,6
10,mmlu,14,-1.8055860996246338,-1.4362131357192993,-1.595274806022644,-12.6391019821167,-10.053491592407227,-11.166923522949219,0.43062619669795904,0.4306263384768361,6
10,mmlu,15,-1.8055860996246338,-1.4362131357192993,-1.5611416101455688,-12.6391019821167,-10.053491592407227,-10.927990913391113,0.3382177095139648,0.33821774844597746,6
10,mmlu,16,-1.8055860996246338,-1.4362131357192993,-1.5602812767028809,-12.6391019821167,-10.053491592407227,-10.921968460083008,0.3358885366993562,0.3358885292583665,6
10,mmlu,17,-1.8055860996246338,-1.4362131357192993,-1.5750504732131958,-12.6391019821167,-10.053491592407227,-11.025352478027344,0.3758730465400526,0.37587290538697427,6
10,mmlu,18,-1.8055860996246338,-1.4362131357192993,-1.5823071002960205,-12.6391019821167,-10.053491592407227,-11.076148986816406,0.39551884628283634,0.3955187534960657,6
10,mmlu,19,-1.8055860996246338,-1.4362131357192993,-1.5905423164367676,-12.6391019821167,-10.053491592407227,-11.133795738220215,0.4178139711794406,0.41781397316883245,6
10,mmlu,20,-1.8055860996246338,-1.4362131357192993,-1.5999268293380737,-12.6391019821167,-10.053491592407227,-11.199487686157227,0.44322057662275977,0.44322071985136746,6
10,mmlu,21,-1.8055860996246338,-1.4362131357192993,-1.6117135286331177,-12.6391019821167,-10.053491592407227,-11.281993865966797,0.4751305991905321,0.47513046946292375,6
10,mmlu,22,-1.8055860996246338,-1.4362131357192993,-1.6291835308074951,-12.6391019821167,-10.053491592407227,-11.404284477233887,0.522426975359034,0.5224270816001441,6
10,mmlu,23,-1.8055860996246338,-1.4362131357192993,-1.6171329021453857,-12.6391019821167,-10.053491592407227,-11.319930076599121,0.48980241924386764,0.48980252172958694,6
10,mmlu,24,-1.8055860996246338,-1.4362131357192993,-1.5904104709625244,-12.6391019821167,-10.053491592407227,-11.132872581481934,0.41745702713995647,0.41745693687847496,6
10,mmlu,25,-1.8055860996246338,-1.4362131357192993,-1.4837535619735718,-12.6391019821167,-10.053491592407227,-10.386274337768555,0.12870575864213507,0.1287056812475825,6
10,mmlu,26,-1.8055860996246338,-1.4362131357192993,-1.4748320579528809,-12.6391019821167,-10.053491592407227,-10.323823928833008,0.10455265288177833,0.10455261881187089,6
10,mmlu,27,-1.8055860996246338,-1.4362131357192993,-1.4398027658462524,-12.6391019821167,-10.053491592407227,-10.078619003295898,0.009718172619300927,0.00971817373795323,6
10,mmlu,28,-1.8055860996246338,-1.4362131357192993,-1.4387520551681519,-12.6391019821167,-10.053491592407227,-10.071264266967773,0.006873593266666815,0.006873686267667238,6
10,mmlu,29,-1.8055860996246338,-1.4362131357192993,-1.4286112785339355,-12.6391019821167,-10.053491592407227,-10.00027847290039,-0.020580438023386053,-0.020580486497279272,6
10,mmlu,30,-1.8055860996246338,-1.4362131357192993,-1.4397406578063965,-12.6391019821167,-10.053491592407227,-10.078184127807617,0.009550028094372135,0.009549983088776567,6
10,mmlu,31,-1.8055860996246338,-1.4362131357192993,-1.4362131357192993,-12.6391019821167,-10.053491592407227,-10.053491592407227,-0.0,-0.0,6
11,mmlu,0,-2.0327882766723633,-1.475915551185608,-1.9571832418441772,-14.229517936706543,-10.331408500671387,-13.700282096862793,0.8642328440133746,0.8642326902603024,6
11,mmlu,1,-2.0327882766723633,-1.475915551185608,-2.0318715572357178,-14.229517936706543,-10.331408500671387,-14.223100662231445,0.9983538259082344,0.9983537495299035,6
11,mmlu,2,-2.0327882766723633,-1.475915551185608,-2.0542750358581543,-14.229517936706543,-10.331408500671387,-14.379924774169922,1.0385847045262575,1.0385845626751327,6
11,mmlu,3,-2.0327882766723633,-1.475915551185608,-2.040590763092041,-14.229517936706543,-10.331408500671387,-14.284133911132812,1.0140112743948277,1.0140108905259286,6
11,mmlu,4,-2.0327882766723633,-1.475915551185608,-2.110057830810547,-14.229517936706543,-10.331408500671387,-14.770404815673828,1.138756239961664,1.1387562097037978,6
11,mmlu,5,-2.0327882766723633,-1.475915551185608,-2.0358834266662598,-14.229517936706543,-10.331408500671387,-14.251182556152344,1.0055581103326119,1.005557727369351,6
11,mmlu,6,-2.0327882766723633,-1.475915551185608,-1.9900221824645996,-14.229517936706543,-10.331408500671387,-13.930154800415039,0.9232031252054029,0.9232029957157996,6
11,mmlu,7,-2.0327882766723633,-1.475915551185608,-2.0541293621063232,-14.229517936706543,-10.331408500671387,-14.378904342651367,1.038323111979559,1.0383227866686051,6
11,mmlu,8,-2.0327882766723633,-1.475915551185608,-1.9731903076171875,-14.229517936706543,-10.331408500671387,-13.812331199645996,0.8929774122564401,0.8929771636798621,6
11,mmlu,9,-2.0327882766723633,-1.475915551185608,-1.9263101816177368,-14.229517936706543,-10.331408500671387,-13.484170913696289,0.8087927777866523,0.8087926911358255,6
11,mmlu,10,-2.0327882766723633,-1.475915551185608,-1.799281120300293,-14.229517936706543,-10.331408500671387,-12.594966888427734,0.5806812941661819,0.5806810790477622,6
11,mmlu,11,-2.0327882766723633,-1.475915551185608,-1.7371286153793335,-14.229517936706543,-10.331408500671387,-12.159899711608887,0.46907139985373963,0.46907128843668566,6
11,mmlu,12,-2.0327882766723633,-1.475915551185608,-1.7341794967651367,-14.229517936706543,-10.331408500671387,-12.13925552368164,0.46377554223281275,0.4637753396392083,6
11,mmlu,13,-2.0327882766723633,-1.475915551185608,-1.7443205118179321,-14.229517936706543,-10.331408500671387,-12.210243225097656,0.48198619391455527,0.48198614227648023,6
11,mmlu,14,-2.0327882766723633,-1.475915551185608,-1.6905566453933716,-14.229517936706543,-10.331408500671387,-11.833895683288574,0.3854401342327369,0.38543997061298424,6
11,mmlu,15,-2.0327882766723633,-1.475915551185608,-1.6610913276672363,-14.229517936706543,-10.331408500671387,-11.627638816833496,0.3325280110370799,0.3325279448300482,6
11,mmlu,16,-2.0327882766723633,-1.475915551185608,-1.6390289068222046,-14.229517936706543,-10.331408500671387,-11.473201751708984,0.2929095843634957,0.29290949181971476,6
11,mmlu,17,-2.0327882766723633,-1.475915551185608,-1.6140358448028564,-14.229517936706543,-10.331408500671387,-11.298250198364258,0.24802848079299297,0.248028362476285,6
11,mmlu,18,-2.0327882766723633,-1.475915551185608,-1.61745285987854,-14.229517936706543,-10.331408500671387,-11.322169303894043,0.25416455997348725,0.2541644409993843,6
11,mmlu,19,-2.0327882766723633,-1.475915551185608,-1.608319878578186,-14.229517936706543,-10.331408500671387,-11.258238792419434,0.237764077338293,0.23776405186519972,6
11,mmlu,20,-2.0327882766723633,-1.475915551185608,-1.6338276863098145,-14.229517936706543,-10.331408500671387,-11.436793327331543,0.2835695316589134,0.2835694706970976,6
11,mmlu,21,-2.0327882766723633,-1.475915551185608,-1.63942289352417,-14.229517936706543,-10.331408500671387,-11.475959777832031,0.2936170830270295,0.2936170209887592,6
11,mmlu,22,-2.0327882766723633,-1.475915551185608,-1.6517082452774048,-14.229517936706543,-10.331408500671387,-11.561957359313965,0.315678411247243,0.3156783774267193,6
11,mmlu,23,-2.0327882766723633,-1.475915551185608,-1.6438299417495728,-14.229517936706543,-10.331408500671387,-11.50680923461914,0.3015310068068123,0.30153097450198496,6
11,mmlu,24,-2.0327882766723633,-1.475915551185608,-1.622307538986206,-14.229517936706543,-10.331408500671387,-11.356152534484863,0.26288231355102176,0.2628823159681702,6
11,mmlu,25,-2.0327882766723633,-1.475915551185608,-1.5206027030944824,-14.229517936706543,-10.331408500671387,-10.644218444824219,0.08024661770295936,0.08024657852434819,6
11,mmlu,26,-2.0327882766723633,-1.475915551185608,-1.508703589439392,-14.229517936706543,-10.331408500671387,-10.560924530029297,0.058878873649114906,0.05887880617844928,6
11,mmlu,27,-2.0327882766723633,-1.475915551185608,-1.4609789848327637,-14.229517936706543,-10.331408500671387,-10.226852416992188,-0.026822226942450175,-0.02682225465013312,6
11,mmlu,28,-2.0327882766723633,-1.475915551185608,-1.477257251739502,-14.229517936706543,-10.331408500671387,-10.340800285339355,0.002409348701383726,0.0024093178619465586,6
11,mmlu,29,-2.0327882766723633,-1.475915551185608,-1.4695442914962769,-14.229517936706543,-10.331408500671387,-10.286809921264648,-0.011441141776468646,-0.011441079388092081,6
11,mmlu,30,-2.0327882766723633,-1.475915551185608,-1.4835906028747559,-14.229517936706543,-10.331408500671387,-10.385133743286133,0.013782416476338375,0.013782384418436168,6
11,mmlu,31,-2.0327882766723633,-1.475915551185608,-1.475915551185608,-14.229517936706543,-10.331408500671387,-10.331408500671387,-0.0,-0.0,6
