question_id,question,gold,n_variants,pass1_majority,pass2_majority,pass1_accuracy,pass2_accuracy,pass1_cal_accuracy,pass2_cal_accuracy,stability_score,transition_entropy,improvement_rate,regression_rate,pass1_logodds_mean,pass2_logodds_mean,pass1_commitment_mean,pass2_commitment_mean,response_drift_mean,delta_logodds_mean,delta_commitment_mean,delta_margin_mean,delta_entropy_mean,basin_class
0,Could boolean algebra be described as binary?,yes,7,no,no,0.2857142857142857,0.0,1.0,0.14285714285714285,0.5714285714285714,0.8631205685637456,0.0,0.2857142857142857,-0.6349688938588296,-3.0775037492414654,0.6642857142857143,0.6857142857142857,0.18471687265192202,-2.442534855382636,0.021428571428571432,-2.442534855433873,-0.13422944944734802,moderately stable basin
1,Would lumberjacks get full after eating three dosa?,no,7,no,no,0.8571428571428571,0.7142857142857143,0.8571428571428571,0.8571428571428571,0.8571428571428572,1.1488348542765885,0.0,0.14285714285714285,-2.8627079554205035,-3.055801391471177,0.6071428571428571,0.5857142857142857,0.0887939568713343,-0.19309343605067306,-0.021428571428571432,0.19309343610491073,-0.025703672659384797,stable but diverse basin
2,Would a member of the United States Air Force get a discount at Dunkin Donuts?,yes,7,no,yes,0.0,0.5714285714285714,0.7142857142857143,0.42857142857142855,0.4285714285714286,0.9852281360313662,0.5714285714285714,0.0,-1.8988069806592072,-2.790500640788506,0.6785714285714286,0.6857142857142857,0.0860918442931573,-0.8916936601292994,0.00714285714285715,-0.8916936601911273,-0.06358145800213325,uncertain basin
3,"In a hypothetical race between a Swallow and an American Woodcock, would the Swallow win?",yes,7,no,yes,0.0,0.5714285714285714,0.7142857142857143,0.14285714285714285,0.4285714285714286,0.9852281360313662,0.5714285714285714,0.0,-1.9665075029397978,-3.8094068250234088,0.6857142857142857,0.6714285714285715,0.1059306979241869,-1.8428993220836105,-0.014285714285714282,-1.8428993225097656,-0.12575768524741954,uncertain basin
4,Were number of states in Ancient Greece underwhelming compared to US states in 1900?,no,7,no,no,1.0,1.0,0.42857142857142855,0.7142857142857143,1.0,-1.4428232973175175e-12,0.0,0.0,-1.7679328918196977,-3.5200249805248918,0.6857142857142857,0.7142857142857143,0.3574890064549924,-1.752092088705194,0.02857142857142858,1.7520920889718192,-0.21925124428138232,stable correct basin
5,Can petroleum jelly be used as fuel in a car?,no,7,no,no,1.0,0.5714285714285714,1.0,0.8571428571428571,0.5714285714285714,0.9852281360313662,0.0,0.42857142857142855,-3.4777308855772437,-3.8792021612126315,0.65,0.6285714285714287,0.08958354048795258,-0.4014712756353882,-0.021428571428571432,0.4014712742396763,-0.07970614273894851,moderately stable basin
6,Did Julia Roberts practice blast beats as a child?,no,7,no,no,1.0,0.5714285714285714,1.0,0.5714285714285714,0.5714285714285714,0.9852281360313662,0.0,0.42857142857142855,-3.6741327556119012,-3.579754965434524,0.6428571428571429,0.65,0.28493786474677046,0.09437779017737737,0.007142857142857133,-0.09437779017857142,0.013249610933986031,moderately stable basin
7,Is myocardial infarction a brain problem?,no,7,no,no,1.0,0.8571428571428571,1.0,0.7142857142857143,0.8571428571428572,0.591672778579442,0.0,0.14285714285714285,-3.420801433837583,-3.5922829762127373,0.6714285714285715,0.692857142857143,0.15022148167442367,-0.17148154237515417,0.021428571428571432,0.1714815412248884,-0.08777502435206941,stable correct basin
8,Would a hedgehog avoid animals without a spinal cord?,no,7,no,no,0.8571428571428571,0.7142857142857143,0.7142857142857143,0.8571428571428571,0.5714285714285714,1.3787834934818475,0.14285714285714285,0.2857142857142857,-1.9903101239609353,-4.049001420934617,0.6142857142857142,0.6357142857142858,0.09591761268484357,-2.058691296973681,0.021428571428571432,2.0586912972586497,-0.27131257357685257,moderately stable basin
9,Can The Hobbit be read in its entirety in four minutes?,yes,7,no,no,0.0,0.0,0.14285714285714285,0.2857142857142857,0.7142857142857143,-1.4428232973175175e-12,0.0,0.0,-2.6607404435863904,-3.1012213569965814,0.6714285714285715,0.6857142857142857,0.24927726245830997,-0.4404809134101914,0.014285714285714282,-0.4404809134347098,-0.07737388466731007,moderately stable basin
10,Could Plato have agreed with the beliefs of Jainism?,yes,7,no,no,0.14285714285714285,0.0,0.42857142857142855,0.2857142857142857,0.7142857142857143,0.591672778579442,0.0,0.14285714285714285,-1.7319820948761893,-3.191499982470475,0.6214285714285713,0.6928571428571428,0.3404609695990219,-1.4595178875942858,0.07142857142857144,-1.4595178876604353,-0.20668154067565794,moderately stable basin
11,Can Michael Bloomberg fund the debt of Micronesia for a decade?,yes,7,no,no,0.0,0.42857142857142855,0.14285714285714285,0.14285714285714285,0.5714285714285714,0.9852281360313662,0.42857142857142855,0.0,-2.701293400298734,-3.597482953601928,0.6714285714285715,0.6785714285714286,0.14170442631049332,-0.8961895533031942,0.00714285714285715,-0.8961895533970424,-0.11768920574438366,moderately stable basin
12,Is Benjamin Franklin a prime candidate to have his statues removed by Black Lives Matter movement?,yes,7,no,no,0.0,0.0,0.14285714285714285,0.42857142857142855,1.0,-1.4428232973175175e-12,0.0,0.0,-2.9952550614105005,-3.4851733615040708,0.65,0.6357142857142858,0.3158025852475589,-0.48991830009357035,-0.014285714285714282,-0.48991830008370535,-0.0693949777797763,stable correct basin
13,Are sables related to wolverines?,yes,7,no,yes,0.0,0.5714285714285714,0.2857142857142857,0.42857142857142855,0.4285714285714286,0.9852281360313662,0.5714285714285714,0.0,-2.466788700588705,-3.079165867306272,0.6285714285714287,0.7071428571428572,0.18085405241480104,-0.6123771667175671,0.07857142857142858,-0.6123771667480469,-0.08916921301408547,uncertain basin
14,Does Jerry Seinfeld hang out at the Budweiser Party Deck?,no,7,no,no,1.0,1.0,1.0,0.8571428571428571,1.0,-1.4428232973175175e-12,0.0,0.0,-2.822260720339301,-3.194234030440345,0.692857142857143,0.692857142857143,0.10720552684622713,-0.37197331010104434,0.0,0.3719733101981027,0.023584788745559495,stable correct basin
15,Do you often hear Marco Polo's name shouted near water?,yes,7,no,no,0.14285714285714285,0.2857142857142857,0.2857142857142857,0.2857142857142857,0.5714285714285714,1.3787834934818475,0.2857142857142857,0.14285714285714285,-2.698313031813945,-2.922804696157602,0.6571428571428573,0.6571428571428573,0.11878029233615385,-0.22449166434365647,0.0,-0.22449166434151785,-0.07983435104482761,moderately stable basin
16,Can you hunt Iberian wolves in the Southern United States?,no,7,no,no,0.8571428571428571,0.5714285714285714,1.0,1.0,0.7142857142857143,1.3787834934818475,0.0,0.2857142857142857,-3.6574908663386254,-5.014755793291238,0.6714285714285715,0.6785714285714286,0.21753461022479983,-1.357264926952612,0.00714285714285715,1.3572649274553572,-0.1993116158025045,moderately stable basin
17,Can a New Yorker get their eyes checked by Rand Paul legally?,no,7,no,no,0.8571428571428571,1.0,0.7142857142857143,0.8571428571428571,0.8571428571428572,0.591672778579442,0.14285714285714285,0.0,-2.1756248473800825,-4.171867370147313,0.65,0.65,0.3126520871826584,-1.9962425227672291,0.0,1.9962425231933594,-0.272910745190473,stable correct basin
18,Did the Nepalese Civil War take place near India?,yes,7,yes,no,1.0,0.2857142857142857,0.42857142857142855,0.0,0.2857142857142857,0.8631205685637456,0.0,0.7142857142857143,-1.665202549483266,-3.111125945943514,0.6571428571428571,0.6571428571428573,0.3055678056537045,-1.4459233964602485,0.0,-1.4459233965192522,-0.09192942065104055,uncertain basin
19,Will Chuck Norris be a nonagenarian by time next leap year after 2020 happens?,no,7,no,no,0.7142857142857143,0.42857142857142855,0.7142857142857143,0.8571428571428571,0.7142857142857143,1.5566567074584952,0.0,0.2857142857142857,-2.5417970929005094,-3.782181330366924,0.6714285714285714,0.6857142857142857,0.2628015054500344,-1.2403842374664147,0.014285714285714282,1.240384238106864,-0.12775485473104062,moderately stable basin
20,Would Snowdon mountain be a piece of cake for Tenzing Norgay?,yes,7,no,no,0.0,0.0,0.14285714285714285,0.0,0.8571428571428572,-1.4428232973175175e-12,0.0,0.0,-2.543700081913427,-3.534057617029941,0.6357142857142858,0.6714285714285715,0.16015941098705047,-0.9903575351165143,0.03571428571428571,-0.9903575352260044,-0.13213114307592894,stable correct basin
21,Is the letter D influenced by the shape of ancient doors?,yes,7,no,no,0.14285714285714285,0.0,0.2857142857142857,0.14285714285714285,0.8571428571428572,0.591672778579442,0.0,0.14285714285714285,-2.483547210655361,-4.41652951885616,0.6285714285714287,0.6142857142857142,0.17683846444412385,-1.9329823082007997,-0.014285714285714282,-1.9329823085239954,-0.25199075948361654,stable correct basin
22,Did John Lennon listen to Compact discs?,no,7,no,no,1.0,0.8571428571428571,0.2857142857142857,0.5714285714285714,0.8571428571428572,0.591672778579442,0.0,0.14285714285714285,-2.03520475113454,-3.044744219034587,0.6857142857142857,0.6857142857142857,0.29358071661092383,-1.0095394679000467,0.0,1.0095394679478236,-0.1240864801648706,stable correct basin
23,Do the Egyptian pyramids look the same from outside as they did when new?,no,7,no,no,0.8571428571428571,0.42857142857142855,0.7142857142857143,0.7142857142857143,0.5714285714285714,1.4488156357208566,0.0,0.42857142857142855,-2.5284887040889124,-3.192133222148308,0.6071428571428571,0.6142857142857142,0.174588748228338,-0.6636445180593956,0.007142857142857133,0.663644518171038,-0.08062654805196043,moderately stable basin
24,Does March begin on the same day of the week as February during leap years?,no,7,no,no,1.0,0.8571428571428571,1.0,0.5714285714285714,0.8571428571428572,0.591672778579442,0.0,0.14285714285714285,-3.3541183470691527,-3.0785135540404602,0.6714285714285715,0.6714285714285715,0.1480807000392639,0.2756047930286928,0.0,-0.2756047930036272,0.03415898381669748,stable correct basin
25,Is blonde hair green eyed Sara Paxton considered a Latino?,yes,7,no,no,0.0,0.0,0.0,0.14285714285714285,1.0,-1.4428232973175175e-12,0.0,0.0,-3.615875788445195,-3.276980263740442,0.65,0.65,0.13362528939634477,0.3388955247047535,0.0,0.33889552525111605,0.025445331156188918,stable correct basin
26,Can the history of art be learned by an amoeba?,no,7,no,no,1.0,0.5714285714285714,1.0,0.42857142857142855,0.5714285714285714,0.9852281360313662,0.0,0.42857142857142855,-4.049070626998394,-2.9556552341174873,0.65,0.6285714285714284,0.4005480115894001,1.0934153928809063,-0.021428571428571432,-1.0934153965541296,0.10528903277299854,moderately stable basin
27,Does it seem like the Gorillaz is composed of more members than they have?,yes,7,no,no,0.0,0.14285714285714285,0.5714285714285714,0.42857142857142855,0.7142857142857143,0.591672778579442,0.14285714285714285,0.0,-1.9123137337505725,-3.2410278319341304,0.6285714285714284,0.65,0.07952694583022957,-1.3287140981835583,0.021428571428571432,-1.328714098249163,-0.1640636481170003,moderately stable basin
28,Did Ice make people rich?,yes,7,no,no,0.0,0.14285714285714285,0.14285714285714285,0.2857142857142857,0.7142857142857143,0.591672778579442,0.14285714285714285,0.0,-2.58738218029598,-3.5832432334807875,0.6642857142857143,0.6714285714285714,0.23014562538414488,-0.9958610531848079,0.00714285714285715,-0.9958610534667969,-0.13574023803223254,moderately stable basin
29,Did Polar Bears roam around in Ancient Greece?,no,7,no,no,0.7142857142857143,0.7142857142857143,1.0,0.8571428571428571,0.7142857142857143,1.6644977791946904,0.14285714285714285,0.14285714285714285,-2.918535504953733,-4.326038905201197,0.6642857142857143,0.7071428571428571,0.2018633003218712,-1.407503400247465,0.042857142857142864,1.407503400530134,-0.15438563817744247,moderately stable basin
30,Is Alistair Darling in favor of Scottish independence?,no,7,no,no,1.0,0.8571428571428571,1.0,0.8571428571428571,0.8571428571428572,0.591672778579442,0.0,0.14285714285714285,-3.6403301782257103,-3.554926190869801,0.6714285714285715,0.6928571428571428,0.2832228448139854,0.08540398735590848,0.021428571428571432,-0.08540398733956474,-0.0030386904059223362,stable correct basin
31,Is ID required to get all medications from all pharmacies?,no,7,no,no,0.7142857142857143,0.7142857142857143,0.8571428571428571,0.7142857142857143,1.0,0.8631205685637456,0.0,0.0,-2.7659121921421668,-4.388973234459686,0.6357142857142858,0.6714285714285716,0.11716381708803991,-1.6230610423175202,0.03571428571428571,1.623061043875558,-0.06981287695750382,stable correct basin
32,Do many fans of J.K Rowling know who Alan Rickman is?,yes,7,yes,no,0.5714285714285714,0.2857142857142857,0.8571428571428571,0.42857142857142855,0.5714285714285714,1.5566567074584952,0.0,0.2857142857142857,-0.9104401724539805,-2.9387228829040017,0.65,0.6714285714285715,0.07203299858953252,-2.028282710450021,0.021428571428571432,-2.028282710484096,-0.1052575762276821,moderately stable basin
33,Does the Constitution of the Philippines copy text from the British constitution?,no,7,no,no,0.7142857142857143,0.5714285714285714,1.0,0.7142857142857143,0.5714285714285714,1.842370993171338,0.14285714285714285,0.2857142857142857,-2.9561707632173184,-3.5355884004500875,0.65,0.6071428571428571,0.4769528233660007,-0.5794176372327693,-0.04285714285714285,0.5794176374162946,-0.0887155162923339,moderately stable basin
34,Is sunscreen unhelpful for the condition that killed Bob Marley?,yes,7,no,no,0.14285714285714285,0.42857142857142855,0.14285714285714285,0.14285714285714285,0.7142857142857143,1.3787834934818475,0.2857142857142857,0.0,-2.403853825097881,-4.07011686033858,0.65,0.6928571428571428,0.25720700617602804,-1.6662630352406986,0.042857142857142864,-1.6662630353655135,-0.2917927019145407,moderately stable basin
35,Did mongoose come from later period than rhinos?,yes,7,no,no,0.0,0.0,0.14285714285714285,0.0,0.8571428571428572,-1.4428232973175175e-12,0.0,0.0,-2.6861784797838055,-4.866093769671276,0.6857142857142857,0.6642857142857143,0.22506139684286622,-2.179915289887471,-0.021428571428571432,-2.179915291922433,-0.25674268463591055,stable correct basin
36,"Is 2018 Ashland, Oregon population inadequate to be a hypothetical military division?",no,7,no,no,0.8571428571428571,0.5714285714285714,0.0,1.0,0.7142857142857143,1.3787834934818475,0.0,0.2857142857142857,-1.7279096330745563,-4.412120273115129,0.6857142857142857,0.7071428571428571,0.24117627443264908,-2.684210640040573,0.021428571428571432,2.684210641043527,-0.2698289506951223,moderately stable basin
37,Is it wise to feed a Snickers bar to a poodle?,no,7,no,no,0.8571428571428571,0.8571428571428571,1.0,0.8571428571428571,1.0,0.591672778579442,0.0,0.0,-3.0923140388690262,-4.427411759813987,0.6285714285714287,0.6714285714285715,0.3039805226087868,-1.3350977209449606,0.042857142857142864,1.3350977216448103,-0.14553139175817006,stable correct basin
38,Is it best to avoid kola nuts with colitis?,yes,7,no,no,0.42857142857142855,0.42857142857142855,0.5714285714285714,0.0,0.8571428571428572,0.9852281360313662,0.0,0.0,-0.9751864841809327,-4.802692411703563,0.6785714285714286,0.7142857142857143,0.2444003146500684,-3.8275059275226306,0.03571428571428571,-3.8275059291294644,-0.2168900383316721,stable correct basin
39,Does Woody Allen await the Second Coming?,no,7,no,yes,0.7142857142857143,0.42857142857142855,0.8571428571428571,0.8571428571428571,0.4285714285714286,1.842370993171338,0.14285714285714285,0.42857142857142855,-2.2208175658822107,-3.807353428280469,0.65,0.65,0.1393289891241573,-1.5865358623982584,0.0,1.586535862513951,-0.25929809330697917,flip-prone basin
40,Would Temujin hypothetically be jealous of Charlemagne's conquests?,no,7,no,no,0.7142857142857143,0.7142857142857143,0.14285714285714285,0.7142857142857143,0.7142857142857143,1.6644977791946904,0.14285714285714285,0.14285714285714285,-1.4129758562229588,-3.771239143905643,0.6071428571428571,0.6428571428571429,0.28163211408808114,-2.3582632876826835,0.03571428571428571,2.3582632882254466,-0.13820446357638658,moderately stable basin
41,"If Goofy were a pet, would he need heartworm prevention?",yes,7,no,yes,0.2857142857142857,0.42857142857142855,0.7142857142857143,0.14285714285714285,0.4285714285714286,1.842370993171338,0.2857142857142857,0.14285714285714285,-1.5799751281511232,-3.4037154056831724,0.6214285714285713,0.6142857142857142,0.1664973355854326,-1.8237402775320484,-0.00714285714285715,-1.8237402779715401,-0.2892537182452975,flip-prone basin
42,Is number of different US President's in 1800s a lucky number in Hong Kong?,no,7,no,no,0.8571428571428571,0.7142857142857143,1.0,0.8571428571428571,0.8571428571428572,1.1488348542765885,0.0,0.14285714285714285,-3.26833452478277,-3.8515979216873886,0.692857142857143,0.692857142857143,0.2921778623815975,-0.5832633969046187,0.0,0.5832633972167969,-0.06367365723412186,stable but diverse basin
43,Does Biochemistry study gluons?,no,7,no,no,1.0,0.8571428571428571,1.0,1.0,0.8571428571428572,0.591672778579442,0.0,0.14285714285714285,-3.145102909373382,-4.106283460050576,0.6714285714285715,0.6714285714285715,0.2561364695180626,-0.9611805506771949,0.0,0.9611805507114956,-0.15612160935257702,stable correct basin
44,Can fish get Tonsillitis?,no,7,no,no,1.0,0.7142857142857143,0.42857142857142855,0.5714285714285714,0.7142857142857143,0.8631205685637456,0.0,0.2857142857142857,-1.9157992771424546,-2.8290470666679406,0.65,0.5928571428571427,0.1310793434372925,-0.9132477895254857,-0.05714285714285715,0.913247789655413,-0.06799867013814885,moderately stable basin
45,Would a blooming onion be possible with a shallot?,no,7,no,no,0.8571428571428571,0.7142857142857143,0.42857142857142855,1.0,0.8571428571428572,1.1488348542765885,0.0,0.14285714285714285,-2.130920410124046,-3.2373155865099816,0.6357142857142858,0.6142857142857142,0.16895700801060506,-1.1063951763859352,-0.021428571428571432,1.1063951764787947,-0.09314127884691936,stable but diverse basin
46,Would a packed Wembley stadium be likely to have a descendant of the Mongols inside?,yes,7,no,no,0.0,0.14285714285714285,1.0,0.42857142857142855,0.7142857142857143,0.591672778579442,0.14285714285714285,0.0,-1.3084013802575936,-3.31143733423533,0.6357142857142858,0.6142857142857142,0.11135359768543118,-2.0030359539777365,-0.021428571428571432,-2.0030359540666853,-0.20527000010931745,moderately stable basin
47,Is dyslexia the most common intellectual disability in US?,no,7,no,no,1.0,1.0,1.0,0.8571428571428571,1.0,-1.4428232973175175e-12,0.0,0.0,-3.0557359967025013,-4.388383045786847,0.65,0.6714285714285715,0.30108316603975005,-1.3326470490843465,0.021428571428571432,1.3326470511300224,-0.08528024220557727,stable correct basin
48,Are Brian Cranston and Saoirse Ronan's combined Emmy Awards a prime number?,no,7,no,no,0.8571428571428571,0.7142857142857143,1.0,0.7142857142857143,0.5714285714285714,1.3787834934818475,0.14285714285714285,0.2857142857142857,-3.0488684517106432,-3.6893266948382104,0.6714285714285715,0.6428571428571429,0.13932075345065936,-0.6404582431275675,-0.02857142857142858,0.640458243233817,-0.11959007461521952,moderately stable basin
49,Is most store bought rice pudding made with brown rice?,no,7,no,no,0.5714285714285714,0.8571428571428571,0.42857142857142855,1.0,0.7142857142857143,1.3787834934818475,0.2857142857142857,0.0,-2.9071573525474683,-3.8413271219987526,0.65,0.65,0.2868571025825055,-0.934169769451284,0.0,0.9341697692871094,-0.16285967488360345,moderately stable basin
50,Do depressed people travel to the Golden Gate Bridge often?,yes,7,no,yes,0.14285714285714285,0.7142857142857143,0.14285714285714285,0.2857142857142857,0.4285714285714286,1.3787834934818475,0.5714285714285714,0.0,-2.195055825339445,-3.305349077404943,0.6142857142857142,0.6571428571428573,0.07757006221784099,-1.1102932520654967,0.042857142857142864,-1.110293252127511,-0.14628839853819825,uncertain basin
51,Would a snakebite hypothetically be a threat to T-1000?,no,7,no,yes,0.8571428571428571,0.2857142857142857,0.14285714285714285,0.8571428571428571,0.1428571428571429,1.1488348542765885,0.14285714285714285,0.7142857142857143,-1.3169441223010507,-3.5853255130048973,0.65,0.692857142857143,0.18050408504814056,-2.268381390703847,0.042857142857142864,2.2683813912527904,-0.12930270573210537,uncertain basin
52,Is Kobe's famous animal product used in a BLT?,no,7,no,yes,0.5714285714285714,0.14285714285714285,0.8571428571428571,0.5714285714285714,0.5714285714285714,1.4488156357208566,0.0,0.42857142857142855,-2.3237108502664614,-2.639729091034032,0.6714285714285715,0.7071428571428572,0.15919470920930964,-0.31601824076757,0.03571428571428571,0.3160182407924107,-0.03393069376602021,moderately stable basin
53,Is the Asian black bear multicolored?,yes,7,no,yes,0.2857142857142857,0.5714285714285714,0.0,0.0,0.7142857142857143,1.5566567074584952,0.2857142857142857,0.0,-3.29533822182231,-4.472054615419304,0.6571428571428571,0.6785714285714286,0.11861240828042342,-1.1767163935969933,0.021428571428571432,-1.1767163957868303,-0.10549502591065206,moderately stable basin
54,Could  jockey win Triple Crown between Eid al-Fitr endpoints?,no,7,no,yes,0.5714285714285714,0.0,0.5714285714285714,1.0,0.2857142857142857,0.9852281360313662,0.0,0.5714285714285714,-2.6411132811549947,-3.9088924950856705,0.65,0.6285714285714284,0.10480170902534959,-1.2677792139306756,-0.021428571428571432,1.2677792140415736,-0.22830812740396214,uncertain basin
55,Can an adult human skull hypothetically pass through the birth canal?,yes,7,no,no,0.14285714285714285,0.14285714285714285,0.7142857142857143,0.14285714285714285,1.0,0.591672778579442,0.0,0.0,-2.363478524288034,-4.151538303431243,0.6714285714285715,0.6714285714285715,0.1876813646743063,-1.7880597791432085,0.0,-1.7880597795758928,-0.19293787153368577,stable correct basin
56,Did Jerry Seinfeld have reason to cheer in 1986?,yes,7,no,yes,0.0,0.5714285714285714,0.5714285714285714,0.5714285714285714,0.2857142857142857,0.9852281360313662,0.5714285714285714,0.0,-1.631076812733112,-3.17103903625645,0.6928571428571428,0.692857142857143,0.36948126851230423,-1.5399622235233377,0.0,-1.5399622235979353,-0.21560031772259583,uncertain basin
57,Are the Vietnamese people a great untapped resource for NBA players?,no,7,no,no,0.8571428571428571,0.8571428571428571,0.7142857142857143,0.7142857142857143,1.0,0.591672778579442,0.0,0.0,-2.20058441159246,-3.290748051062836,0.6142857142857142,0.6357142857142858,0.1505546261754003,-1.090163639470376,0.021428571428571432,1.0901636396135603,-0.08375469234837205,stable correct basin
58,Are Aldi's foods discounted due to being out of date?,no,7,no,no,0.8571428571428571,0.7142857142857143,0.8571428571428571,0.8571428571428571,0.8571428571428572,1.1488348542765885,0.0,0.14285714285714285,-2.3361636570262028,-3.241283961608189,0.65,0.65,0.11090111573975667,-0.9051203045819859,0.0,0.9051203046526227,-0.09589296912027703,stable but diverse basin
59,Can Darth Vader hypothetically outdunk Bill Walton without using The Force?,no,7,no,no,0.7142857142857143,0.7142857142857143,0.5714285714285714,0.8571428571428571,0.5714285714285714,1.6644977791946904,0.14285714285714285,0.14285714285714285,-2.0847494942493445,-3.105958121039907,0.6857142857142857,0.65,0.1274689991398549,-1.0212086267905622,-0.03571428571428571,1.0212086268833704,-0.033499325803538864,moderately stable basin
60,Is a curling iron necessary in curling?,no,7,no,no,1.0,0.8571428571428571,1.0,0.8571428571428571,0.8571428571428572,0.591672778579442,0.0,0.14285714285714285,-2.9719957623269164,-3.421464647085247,0.65,0.6714285714285716,0.24954950747559224,-0.4494688847583301,0.021428571428571432,0.4494688851492746,-0.04024578372417449,stable correct basin
61,Is a jellyfish safe from atherosclerosis?,yes,7,no,no,0.2857142857142857,0.42857142857142855,0.2857142857142857,0.14285714285714285,0.8571428571428572,1.3787834934818475,0.14285714285714285,0.0,-2.3338922772747424,-4.23822729840034,0.65,0.6714285714285715,0.23810617354164343,-1.904335021125598,0.021428571428571432,-1.9043350219726562,-0.18102315694741397,stable but diverse basin
62,Could all of the famous Apollo's hypothetically defeat all of the famous D'Artagnan's?,yes,7,no,no,0.2857142857142857,0.42857142857142855,0.14285714285714285,0.42857142857142855,0.8571428571428572,1.3787834934818475,0.14285714285714285,0.0,-2.465727669809049,-2.794044494574808,0.6357142857142858,0.6785714285714286,0.16668562402450512,-0.32831682476575924,0.042857142857142864,-0.3283168247767857,-0.04669707374780328,stable but diverse basin
63,Would Shaggy and Redenbacher popcorn founder both raise hand during first name roll call?,yes,7,no,no,0.0,0.14285714285714285,0.0,0.5714285714285714,0.5714285714285714,0.591672778579442,0.14285714285714285,0.0,-2.832300458576991,-2.8856233867798826,0.6285714285714284,0.6285714285714287,0.12008629763327276,-0.05332292820289185,0.0,-0.05332292829241071,0.07000869002890385,moderately stable basin
64,Does horseradish have a fetlock?,no,7,no,yes,0.8571428571428571,0.14285714285714285,1.0,1.0,0.2857142857142857,1.1488348542765885,0.0,0.7142857142857143,-2.783572060669427,-3.468286241694559,0.65,0.6785714285714286,0.26896317103637246,-0.6847141810251314,0.02857142857142858,0.6847141810825893,-0.10444852418763029,uncertain basin
65,Does Antarctica have a lot of problems relating to homelessness?,no,7,no,yes,1.0,0.42857142857142855,0.7142857142857143,0.8571428571428571,0.4285714285714286,0.9852281360313662,0.0,0.5714285714285714,-2.579401288623835,-3.470778873785124,0.6357142857142858,0.6142857142857142,0.23636271310804277,-0.891377585161289,-0.021428571428571432,0.8913775852748326,-0.08542341796630404,uncertain basin
66,Does Masaharu Morimoto rely on glutamic acid?,yes,7,no,no,0.0,0.2857142857142857,0.2857142857142857,0.0,0.7142857142857143,0.8631205685637456,0.2857142857142857,0.0,-2.0498046874667786,-3.6887539453058613,0.65,0.6714285714285715,0.1261937367238135,-1.6389492578390825,0.021428571428571432,-1.638949257986886,-0.22537842469925545,moderately stable basin
67,Was the amount of spinach Popeye ate unhealthy?,yes,7,no,no,0.0,0.14285714285714285,0.0,0.0,0.7142857142857143,0.591672778579442,0.14285714285714285,0.0,-2.4882529122107337,-3.2493384223900392,0.6642857142857143,0.6428571428571429,0.11876916626481972,-0.7610855101793053,-0.021428571428571432,-0.7610855102539062,-0.07948931912124392,moderately stable basin
68,Does Mercury make for good Slip N Slide material?,no,7,no,no,0.8571428571428571,0.7142857142857143,0.5714285714285714,0.7142857142857143,0.8571428571428572,1.1488348542765885,0.0,0.14285714285714285,-1.9764987400338219,-3.2188589911819805,0.65,0.65,0.14079760435120164,-1.2423602511481584,0.0,1.2423602512904577,-0.02818094384657881,stable but diverse basin
69,Can a snow leopard swim?,yes,7,no,no,0.14285714285714285,0.2857142857142857,0.2857142857142857,0.2857142857142857,0.5714285714285714,1.3787834934818475,0.2857142857142857,0.14285714285714285,-2.2017233711566733,-2.5577359878466472,0.6928571428571428,0.7142857142857143,0.2189943910174441,-0.3560126166899738,0.021428571428571432,-0.3560126168387277,-0.23570657637757844,moderately stable basin
70,Was Eve involved in an incestuous relationship?,yes,7,no,no,0.0,0.0,0.2857142857142857,0.14285714285714285,0.8571428571428572,-1.4428232973175175e-12,0.0,0.0,-2.6883534022108613,-3.276271274949299,0.6857142857142857,0.6642857142857143,0.10352210157376214,-0.5879178727384377,-0.021428571428571432,-0.5879178728376117,-0.030922893119586355,stable correct basin
71,Could the Powepuff Girls make the background to the Azerbaijani flag?,yes,7,no,no,0.0,0.0,0.2857142857142857,0.14285714285714285,0.8571428571428572,-1.4428232973175175e-12,0.0,0.0,-2.4868621825658623,-3.790963308973883,0.65,0.7071428571428571,0.1832547844055132,-1.3041011264080211,0.05714285714285715,-1.3041011265345983,-0.17115783643147617,stable correct basin
72,Did the Coen brothers ever collaborate with the Brothers Grimm?,no,7,no,no,1.0,0.8571428571428571,1.0,0.8571428571428571,0.8571428571428572,0.591672778579442,0.0,0.14285714285714285,-3.7008410859954988,-3.718183244841977,0.6714285714285714,0.7,0.3091485477922055,-0.017342158846477686,0.028571428571428564,0.01734215872628348,-0.006051006783124223,stable correct basin
73,Would you spend less on your food at Aldi than at Whole Foods?,yes,7,no,no,0.42857142857142855,0.2857142857142857,0.7142857142857143,0.2857142857142857,0.8571428571428572,1.3787834934818475,0.0,0.14285714285714285,-1.1434653145793874,-3.0462853566718695,0.6142857142857142,0.65,0.11976727085093862,-1.9028200420924821,0.03571428571428571,-1.902820042201451,-0.06262664775247322,stable but diverse basin
74,Is Steve Carell's character on The Office portrayed as one with tremendous leadership skills?,no,7,no,no,0.7142857142857143,0.5714285714285714,0.2857142857142857,0.8571428571428571,0.5714285714285714,1.842370993171338,0.14285714285714285,0.2857142857142857,-1.6805610656601608,-3.337821960276868,0.692857142857143,0.6785714285714286,0.23876338715605933,-1.657260894616707,-0.014285714285714282,1.6572608947753906,-0.20437854380066592,moderately stable basin
75,Would Othello be Shakespeare's play to buy Scheherazade most time with king?,no,7,no,no,0.8571428571428571,0.8571428571428571,0.5714285714285714,0.7142857142857143,0.7142857142857143,1.1488348542765885,0.14285714285714285,0.14285714285714285,-2.473531995460825,-3.1348462784803988,0.6,0.6642857142857144,0.24347363112605774,-0.6613142830195733,0.06428571428571428,0.6613142830984933,-0.08844467090683274,moderately stable basin
76,Is someone more likely to survive having breast cancer in Japan than in Sweden?,no,7,no,no,1.0,0.5714285714285714,0.2857142857142857,0.8571428571428571,0.5714285714285714,0.9852281360313662,0.0,0.42857142857142855,-1.721701485751926,-4.692816597049959,0.6642857142857143,0.7000000000000001,0.17124119884779068,-2.9711151112980327,0.03571428571428571,2.9711151123046875,-0.2997083494687251,moderately stable basin
77,Was Harry Potter a better investment than The Matrix for Warner Bros.?,yes,7,no,no,0.0,0.2857142857142857,0.14285714285714285,0.2857142857142857,0.7142857142857143,0.8631205685637456,0.2857142857142857,0.0,-2.1785354613974213,-2.9997651235695484,0.6928571428571428,0.7071428571428571,0.11815268384459386,-0.8212296621721269,0.014285714285714282,-0.8212296622140067,-0.10688220525637886,moderately stable basin
78,Was Kane (wrestler) banned from WCW  headquarters city?,no,7,no,yes,0.8571428571428571,0.42857142857142855,0.42857142857142855,0.2857142857142857,0.5714285714285714,1.4488156357208566,0.0,0.42857142857142855,-1.9244984217755436,-2.9756235394277515,0.7,0.6785714285714286,0.21654076496607827,-1.0511251176522083,-0.021428571428571432,1.0511251177106584,-0.1248258234116711,moderately stable basin
79,Did Amy Winehouse always perform live perfectly?,no,7,no,no,0.8571428571428571,0.5714285714285714,1.0,1.0,0.7142857142857143,1.3787834934818475,0.0,0.2857142857142857,-4.18814740581872,-3.184602464834221,0.6714285714285715,0.692857142857143,0.25578246793625037,1.0035449409844994,0.021428571428571432,-1.0035449436732702,0.08598958408951211,moderately stable basin
80,Would Robert Wadlow tower over a German Shepherd?,yes,7,no,no,0.0,0.14285714285714285,0.42857142857142855,0.2857142857142857,0.8571428571428572,0.591672778579442,0.14285714285714285,0.0,-1.851845332521344,-4.159226008162371,0.6714285714285715,0.6714285714285715,0.11075884796476598,-2.3073806756410256,0.0,-2.3073806762695312,-0.221767246859128,stable correct basin
81,Does The Doctor keep his ship in his childhood home?,no,7,no,yes,0.5714285714285714,0.2857142857142857,0.5714285714285714,0.8571428571428571,0.4285714285714286,1.842370993171338,0.14285714285714285,0.42857142857142855,-2.537525176949064,-3.325474875174765,0.6642857142857143,0.6785714285714286,0.1974952384621774,-0.7879496982257008,0.0142857142857143,0.787949698311942,-0.0821658290719007,flip-prone basin
82,Would a rabbi worship martyrs Ranavalona I killed?,no,7,no,yes,0.8571428571428571,0.14285714285714285,1.0,1.0,0.2857142857142857,1.1488348542765885,0.0,0.7142857142857143,-3.0324298312920077,-3.535447256817441,0.65,0.7214285714285715,0.27054278296627243,-0.5030174255254328,0.07142857142857142,0.5030174255371094,-0.1460593562291904,uncertain basin
83,Did origin dynasty of Go precede Jia Sidao?,yes,7,no,no,0.2857142857142857,0.2857142857142857,0.14285714285714285,0.14285714285714285,0.4285714285714286,1.6644977791946904,0.14285714285714285,0.14285714285714285,-2.9255349294657407,-3.993847982908298,0.65,0.6928571428571428,0.3915997160916471,-1.0683130534425571,0.042857142857142864,-1.0683130536760603,-0.14194811147263195,flip-prone basin
84,Would ISIS agree with Al-Farabi's religious sect?,no,7,no,no,0.8571428571428571,0.5714285714285714,0.42857142857142855,0.7142857142857143,0.7142857142857143,1.3787834934818475,0.0,0.2857142857142857,-2.1662499563760944,-3.160900115886421,0.6642857142857144,0.6714285714285715,0.11707307136602278,-0.9946501595103262,0.00714285714285715,0.994650159563337,-0.15300874129130307,moderately stable basin
85,Is nickel dominant material in US 2020 nickels?,no,7,no,yes,0.7142857142857143,0.42857142857142855,0.7142857142857143,0.8571428571428571,0.4285714285714286,1.842370993171338,0.14285714285714285,0.42857142857142855,-2.431206839367699,-4.30792345270789,0.6714285714285715,0.6928571428571428,0.1397072871743153,-1.8767166133401914,0.021428571428571432,1.8767166137695312,-0.23984736290447903,flip-prone basin
86,"Is ""A Tale of Two Cities"" a popular science novel?",no,7,no,no,1.0,0.8571428571428571,1.0,1.0,0.8571428571428572,0.591672778579442,0.0,0.14285714285714285,-4.31062534757943,-3.443977355805359,0.65,0.6357142857142858,0.1789604283850925,0.8666479917740715,-0.014285714285714282,-0.8666479928152901,0.06777144176434527,stable correct basin
87,Would hypothermia be a concern for a human wearing zoot suit on Triton?,yes,7,no,yes,0.42857142857142855,0.5714285714285714,1.0,0.0,0.2857142857142857,1.842370993171338,0.42857142857142855,0.2857142857142857,-1.3964200700885618,-3.957281929733607,0.65,0.6571428571428571,0.2596972147151675,-2.560861859645045,0.00714285714285715,-2.5608618600027904,-0.28818542550064585,flip-prone basin
88,Would a caracal be defeated by Javier Sotomayor in a high jump competition?,no,7,no,no,0.8571428571428571,0.7142857142857143,0.14285714285714285,0.7142857142857143,0.5714285714285714,1.3787834934818475,0.14285714285714285,0.2857142857142857,-1.9811750139315443,-2.038355146019001,0.6285714285714284,0.6714285714285715,0.10241314732570209,-0.057180132087456946,0.042857142857142864,0.05718013218470982,-0.12995203454219065,moderately stable basin
89,Could you drive a Rowe 550 to the 2008 Summer Olympics?,yes,7,no,yes,0.14285714285714285,0.8571428571428571,0.14285714285714285,0.0,0.2857142857142857,1.1488348542765885,0.7142857142857143,0.0,-2.567511422224636,-3.202720097043067,0.7142857142857143,0.7142857142857143,0.0965964239519995,-0.6352086748184317,0.0,-0.6352086748395648,-0.11935584072306925,uncertain basin
90,Can olive oil kill rabies?,no,7,no,no,1.0,0.5714285714285714,1.0,1.0,0.5714285714285714,0.9852281360313662,0.0,0.42857142857142855,-2.49463435578286,-4.168496812734675,0.65,0.6928571428571428,0.20411210145834682,-1.6738624569518155,0.042857142857142864,1.6738624572753906,-0.20756825715297958,moderately stable basin
91,Can the majority of vowels be typed on the first line of a QWERTY keyboard?,yes,7,no,no,0.0,0.0,0.14285714285714285,0.42857142857142855,0.8571428571428572,-1.4428232973175175e-12,0.0,0.0,-2.7525335038726624,-2.91734095977029,0.6857142857142857,0.6428571428571429,0.1483433717502946,-0.1648074558976276,-0.042857142857142864,-0.16480745588030135,-0.05241505420665461,stable correct basin
92,Is it more expensive to run for President of India than to buy a new iPhone 11?,no,7,no,yes,0.8571428571428571,0.2857142857142857,0.42857142857142855,1.0,0.4285714285714286,1.3787834934818475,0.0,0.5714285714285714,-2.032376425562655,-3.922846112382523,0.6642857142857143,0.6928571428571428,0.24264328031459978,-1.8904696868198683,0.028571428571428564,1.890469687325614,-0.16272328467183553,uncertain basin
93,Can the Very Large Telescope observe the largest mountain on Earth?,no,7,no,no,0.8571428571428571,0.7142857142857143,0.0,1.0,0.5714285714285714,1.3787834934818475,0.14285714285714285,0.2857142857142857,-1.769726344499905,-3.758791241898251,0.6714285714285715,0.65,0.30576346844401314,-1.9890648973983462,-0.021428571428571432,1.9890648978097099,-0.13914846466274683,moderately stable basin
94,Does highest US Court have enough seats for every Prime Minister of the United Kingdom since 1952?,no,7,no,no,0.8571428571428571,0.42857142857142855,1.0,1.0,0.2857142857142857,1.3787834934818475,0.14285714285714285,0.5714285714285714,-3.270558493343278,-3.756571088397336,0.6857142857142857,0.6428571428571429,0.20265601861165056,-0.48601259505405736,-0.04285714285714285,0.4860125950404576,-0.14143215811660068,uncertain basin
95,Would Quiet from Metal Gear be a poor hypothetical choice for lecturer at Haub?,yes,7,no,no,0.0,0.0,0.7142857142857143,0.0,0.8571428571428572,-1.4428232973175175e-12,0.0,0.0,-1.6187564304705873,-3.75892584641922,0.65,0.6714285714285715,0.11420801729392498,-2.1401694159486326,0.021428571428571432,-2.140169416155134,-0.23795196862572546,stable correct basin
96,Does Post Malone have a fear of needles?,no,7,no,no,0.7142857142857143,0.5714285714285714,0.7142857142857143,0.8571428571428571,0.8571428571428572,1.3787834934818475,0.0,0.14285714285714285,-2.5221154348679464,-3.564025878816174,0.6357142857142858,0.6714285714285715,0.15790177856753315,-1.0419104439482274,0.03571428571428571,1.0419104439871651,-0.1577412212685457,stable but diverse basin
97,Did Al-Farabi ever meet Mohammed?,no,7,no,no,1.0,1.0,1.0,0.5714285714285714,1.0,-1.4428232973175175e-12,0.0,0.0,-3.459120614086519,-2.8809890745637445,0.6785714285714286,0.6785714285714286,0.16823227286103126,0.5781315395227742,0.0,-0.5781315394810268,0.15315708785053575,stable correct basin
98,Can monkeys use QWERTY keyboards?,yes,7,no,no,0.14285714285714285,0.2857142857142857,0.42857142857142855,0.14285714285714285,0.5714285714285714,1.3787834934818475,0.2857142857142857,0.14285714285714285,-3.0144364491810145,-3.6876444132330732,0.6714285714285715,0.6714285714285715,0.2627298282419834,-0.6732079640520586,0.0,-0.6732079642159599,-0.0690477319369144,moderately stable basin
99,Do Australians ride Kangaroos to work?,no,7,no,no,1.0,0.7142857142857143,1.0,1.0,0.7142857142857143,0.8631205685637456,0.0,0.2857142857142857,-3.6336778902952553,-3.594220842449151,0.6714285714285715,0.6714285714285715,0.11084207612650177,0.03945704784610423,0.0,-0.03945704868861607,-0.052609741451963135,moderately stable basin
100,Can a student from Smithtown's Cleary School understand the speech of a French person?,no,7,no,no,0.7142857142857143,0.8571428571428571,0.5714285714285714,0.8571428571428571,0.8571428571428572,1.1488348542765885,0.14285714285714285,0.0,-1.9204962593850543,-2.960978916648505,0.692857142857143,0.6714285714285715,0.12782201658188103,-1.040482657263451,-0.021428571428571432,1.040482657296317,-0.17769685464542523,stable but diverse basin
101,Would a Catholic priest commend someone's pride?,no,7,no,no,0.8571428571428571,0.8571428571428571,0.42857142857142855,0.7142857142857143,1.0,0.591672778579442,0.0,0.0,-2.328799656426956,-2.6464271544819704,0.6214285714285716,0.6785714285714286,0.09179612226339809,-0.3176274980550149,0.05714285714285715,0.3176274980817522,-0.0028675921367348656,stable correct basin
102,Was Iggy Pop named after his father?,yes,7,no,no,0.0,0.0,0.14285714285714285,0.14285714285714285,0.7142857142857143,-1.4428232973175175e-12,0.0,0.0,-3.1475127083031644,-3.542845044583013,0.65,0.6571428571428573,0.38758759735243725,-0.3953323362798483,0.00714285714285715,-0.39533233642578125,-0.01210473274685885,moderately stable basin
103,Would fans of Jonathan Larson be unaware of HIV?,no,7,no,no,0.8571428571428571,0.5714285714285714,0.8571428571428571,0.8571428571428571,0.4285714285714286,1.4488156357208566,0.14285714285714285,0.42857142857142855,-2.316699436696792,-3.423827579916225,0.65,0.6357142857142858,0.1798035905776618,-1.1071281432194333,-0.014285714285714282,1.1071281433105469,-0.13209918033988147,uncertain basin
104,Did the Nazis use the Hammer and sickle flag?,no,7,no,no,1.0,0.5714285714285714,1.0,0.8571428571428571,0.5714285714285714,0.9852281360313662,0.0,0.42857142857142855,-3.4515784125900617,-3.250702994132749,0.6714285714285715,0.6714285714285715,0.19610901385492113,0.20087541845731272,0.0,-0.20087541852678573,-0.03241796649987031,moderately stable basin
105,Tata Hexa can accomodate every Spice Girl?,yes,7,no,no,0.14285714285714285,0.0,0.0,0.2857142857142857,0.5714285714285714,0.591672778579442,0.0,0.14285714285714285,-2.866391318123161,-3.0823522294132997,0.6357142857142858,0.5714285714285714,0.22559908014062605,-0.21596091129013897,-0.06428571428571428,-0.2159609113420759,-0.031032162065089772,moderately stable basin
106,Could the moon fit inside the Black Sea?,no,7,no,no,0.42857142857142855,0.8571428571428571,0.42857142857142855,0.42857142857142855,0.5714285714285714,1.4488156357208566,0.42857142857142855,0.0,-1.3616207667525209,-2.0527033124079646,0.6142857142857142,0.6785714285714286,0.4441406729093427,-0.6910825456554439,0.0642857142857143,0.6910825456891742,0.05090293967690913,moderately stable basin
107,Has the creator of Futurama lived in multiple centuries?,yes,7,no,no,0.14285714285714285,0.42857142857142855,0.14285714285714285,0.0,0.7142857142857143,1.3787834934818475,0.2857142857142857,0.0,-2.684259142142566,-3.861588614176188,0.6642857142857143,0.6571428571428571,0.21733266507283705,-1.177329472033622,-0.007142857142857133,-1.1773294721330916,-0.18317000499218353,moderately stable basin
108,Is it okay to lie after taking an oath in a court of law?,no,7,no,no,1.0,1.0,1.0,1.0,1.0,-1.4428232973175175e-12,0.0,0.0,-3.600019727117804,-5.490513391072985,0.6357142857142858,0.6642857142857144,0.2826527453653746,-1.8904936639551815,0.02857142857142858,1.890493665422712,-0.24523002129488658,stable correct basin
109,Could Carl Friedrich Gauss speak to someone 100 miles away?,no,7,no,no,0.5714285714285714,0.42857142857142855,0.42857142857142855,0.8571428571428571,0.1428571428571429,1.842370993171338,0.2857142857142857,0.42857142857142855,-1.6473448616773554,-3.4543773104167195,0.6571428571428571,0.6857142857142857,0.32208005769457065,-1.807032448739364,0.028571428571428564,1.8070324489048548,-0.210246406257686,flip-prone basin
110,Can Family of Barack Obama ride comfortably in 2020 Jaguar F Type?,no,7,no,no,1.0,0.8571428571428571,0.5714285714285714,0.8571428571428571,0.8571428571428572,0.591672778579442,0.0,0.14285714285714285,-2.3389265877333947,-4.0833560393199155,0.6714285714285715,0.692857142857143,0.10692167463145397,-1.744429451586521,0.021428571428571432,1.744429452078683,-0.18610585087247702,stable correct basin
111,Can eating grapefruit kill besides allergies or choking?,yes,7,no,no,0.2857142857142857,0.14285714285714285,1.0,0.42857142857142855,0.7142857142857143,1.1488348542765885,0.0,0.14285714285714285,-1.2294932774010179,-3.595200129463078,0.6357142857142858,0.6571428571428573,0.14425760679982208,-2.365706852062061,0.021428571428571432,-2.3657068525041853,-0.2301155820130257,moderately stable basin
112,Was  Godfrey of Bouillon an Islamaphobe?,yes,7,no,yes,0.0,0.42857142857142855,0.5714285714285714,0.0,0.4285714285714286,0.9852281360313662,0.42857142857142855,0.0,-2.108113425086588,-3.480335235442339,0.6142857142857142,0.6071428571428571,0.17911021778231279,-1.3722218103557506,-0.00714285714285715,-1.3722218104771204,-0.17642262689025623,uncertain basin
113,Could Durian cause someone's stomach to feel unwell?,yes,7,yes,no,0.8571428571428571,0.42857142857142855,0.5714285714285714,0.2857142857142857,0.5714285714285714,1.4488156357208566,0.0,0.42857142857142855,-0.5413153512212191,-3.0327987669658625,0.6714285714285716,0.6714285714285716,0.13773222251007003,-2.491483415744644,0.0,-2.491483415876116,-0.11568826165280255,moderately stable basin
114,"During the pandemic, is door to door advertising considered inconsiderate?",yes,7,no,no,0.14285714285714285,0.14285714285714285,1.0,0.0,1.0,0.591672778579442,0.0,0.0,-0.8037338256763941,-3.4392389568543082,0.6285714285714287,0.6285714285714287,0.06379533134223263,-2.635505131177914,0.0,-2.635505131312779,-0.2272493370332802,stable correct basin
115,Can a Sphynx cat be used for wool?,no,7,no,no,1.0,1.0,1.0,1.0,1.0,-1.4428232973175175e-12,0.0,0.0,-3.514993394869837,-3.596343993938086,0.65,0.6714285714285715,0.15167093881024418,-0.08135059906824971,0.021428571428571432,0.08135059901646205,-0.05448492018062533,stable correct basin
116,Is Menthol associated with Thanksgiving?,no,7,no,yes,0.7142857142857143,0.2857142857142857,0.8571428571428571,1.0,0.5714285714285714,1.556656707458495,0.0,0.42857142857142855,-2.5548291887144075,-3.6903348648901946,0.6714285714285715,0.692857142857143,0.14903328464007387,-1.1355056761757878,0.021428571428571432,1.1355056762695312,-0.1594335213745862,moderately stable basin
117,Can someone sell their time through the Toronto Star?,yes,7,no,no,0.14285714285714285,0.42857142857142855,0.5714285714285714,0.0,0.7142857142857143,1.3787834934818475,0.2857142857142857,0.0,-1.9019824436252775,-3.5156653266928437,0.6214285714285713,0.6928571428571428,0.18955362043327403,-1.6136828830675662,0.07142857142857142,-1.6136828831263952,-0.27177897819377134,moderately stable basin
118,Would John the Baptist be invited to a hypothetical cephalophore reunion in heaven?,no,7,no,no,0.5714285714285714,0.7142857142857143,0.0,0.8571428571428571,0.5714285714285714,1.842370993171338,0.2857142857142857,0.14285714285714285,-0.8056874956343527,-3.0361900328183844,0.65,0.642857142857143,0.18992505376170163,-2.230502537184032,-0.007142857142857133,2.2305025373186385,-0.19278284924612615,moderately stable basin
119,Can 200 men end to end cover Great Pyramid of Giza's base?,yes,7,no,no,0.14285714285714285,0.14285714285714285,0.42857142857142855,0.42857142857142855,0.1428571428571429,1.1488348542765885,0.14285714285714285,0.14285714285714285,-2.559419904297536,-2.686308724332526,0.5428571428571428,0.6714285714285715,0.6077353901854404,-0.12688882003498922,0.1285714285714286,-0.1268888201032366,-0.030810047821395622,uncertain basin
