split,question_id,variant,strength,note,question,gold,pass1_prompt,pass1_full_output,pass1_completion,pass1_prediction,pass1_correct,pass1_calibrated_prediction,pass1_calibrated_correct,pass1_logodds,pass1_confidence,pass1_commitment,pass2_prompt,pass2_full_output,pass2_completion,pass2_prediction,pass2_correct,pass2_calibrated_prediction,pass2_calibrated_correct,pass2_logodds,pass2_confidence,pass2_commitment,improved,regressed,unchanged,transition,cal_transition,pass1_vs_pass2_prediction_changed,pass1_vs_pass2_text_changed,pass1_stability_score,pass2_stability_score,transition_entropy,cal_transition_entropy,pass1_majority_accuracy,pass2_majority_accuracy,pass1_majority_prediction,pass2_majority_prediction,pass1_logodds_mean_question,pass2_logodds_mean_question,n_variants,pass1_accuracy,pass2_accuracy,pass1_logodds_mean,pass2_logodds_mean,pass1_logodds_std,pass2_logodds_std,pass1_commitment_mean,pass2_commitment_mean,pass1_commitment_std,pass2_commitment_std,improvement_rate,regression_rate,prediction_change_rate,text_change_rate,pass1_raw_correct_rate,pass2_raw_correct_rate,pass1_cal_correct_rate,pass2_cal_correct_rate,is_question_summary
test,0,,,,Could boolean algebra be described as binary?,yes,,,,,,,,,,,,,,,,,,,,,,,,,,,,0.5714285714285714,1.0,0.5982695885832573,0.41011631828640904,0.3333333333333333,0.0,no,no,,,7.0,0.2857142857142857,0.0,-0.6349688938588296,-2.581268310511896,2.510722273169698,1.6158792720068367,0.6642857142857143,0.6857142857142857,0.09449111825230681,0.06267831705280089,0.0,0.2857142857142857,0.42857142857142855,1.0,0.2857142857142857,0.0,1.0,0.14285714285714285,True
test,1,,,,Would lumberjacks get full after eating three dosa?,no,,,,,,,,,,,,,,,,,,,,,,,,,,,,0.8571428571428571,0.7142857142857143,0.796311640170813,1.0042424730510766,1.0,1.0,no,no,,,7.0,0.8571428571428571,0.7142857142857143,-2.8627079554205035,-2.641834258953632,2.3679989503997136,1.75687338319143,0.6071428571428571,0.6214285714285716,0.09322272357358044,0.1439245834257849,0.0,0.14285714285714285,0.14285714285714285,0.7142857142857143,0.8571428571428571,0.7142857142857143,0.8571428571428571,0.5714285714285714,True
test,2,,,,Would a member of the United States Air Force get a discount at Dunkin Donuts?,yes,,,,,,,,,,,,,,,,,,,,,,,,,,,,1.0,0.5714285714285714,0.6829081046984717,0.9556998911095343,0.0,0.5714285714285714,no,yes,,,7.0,0.0,0.5714285714285714,-1.8988069806592072,-2.185201372398239,1.8972134016722992,1.5200054857397185,0.6785714285714286,0.6642857142857143,0.09063269671749657,0.10293317295817755,0.5714285714285714,0.0,0.5714285714285714,0.7142857142857143,0.0,0.5714285714285714,0.7142857142857143,0.42857142857142855,True
test,3,,,,"In a hypothetical race between a Swallow and an American Woodcock, would the Swallow win?",yes,,,,,,,,,,,,,,,,,,,,,,,,,,,,0.8571428571428571,0.7142857142857143,0.41011631828640904,0.9556998911095345,0.0,0.16666666666666666,no,no,,,7.0,0.0,0.14285714285714285,-1.9665075029397978,-3.6783436361938335,2.2441804897961304,2.8960493894995167,0.6857142857142857,0.6714285714285715,0.10690449676496977,0.10350983390135315,0.14285714285714285,0.0,0.14285714285714285,1.0,0.0,0.14285714285714285,0.7142857142857143,0.14285714285714285,True
test,4,,,,Were number of states in Ancient Greece underwhelming compared to US states in 1900?,no,,,,,,,,,,,,,,,,,,,,,,,,,,,,1.0,0.8571428571428571,0.41011631828640904,0.9556998911095345,1.0,1.0,no,no,,,7.0,1.0,0.8571428571428571,-1.7679328918196977,-3.109941754913894,2.2173547768105797,2.0285315462294147,0.6857142857142857,0.6928571428571428,0.06267831705280087,0.11338934190276818,0.0,0.14285714285714285,0.14285714285714285,1.0,1.0,0.8571428571428571,0.42857142857142855,0.8571428571428571,True
test,5,,,,Can petroleum jelly be used as fuel in a car?,no,,,,,,,,,,,,,,,,,,,,,,,,,,,,1.0,0.5714285714285714,0.6829081046984717,-1.000088900581841e-12,1.0,0.6666666666666666,no,no,,,7.0,1.0,0.5714285714285714,-3.4777308855772437,-3.3754381450936357,3.3530036607283145,2.3123581115682583,0.65,0.6285714285714287,0.0,0.056694670951384085,0.0,0.42857142857142855,0.42857142857142855,0.8571428571428571,1.0,0.5714285714285714,1.0,1.0,True
test,6,,,,Did Julia Roberts practice blast beats as a child?,no,,,,,,,,,,,,,,,,,,,,,,,,,,,,1.0,0.5714285714285714,0.6829081046984717,0.41011631828640904,1.0,0.6666666666666666,no,no,,,7.0,1.0,0.5714285714285714,-3.6741327556119012,-3.4565576824576163,2.5588049227787324,1.9611629066290124,0.6428571428571429,0.6857142857142857,0.10177004891982147,0.10690449676496977,0.0,0.42857142857142855,0.42857142857142855,1.0,1.0,0.5714285714285714,1.0,0.8571428571428571,True
test,7,,,,Is myocardial infarction a brain problem?,no,,,,,,,,,,,,,,,,,,,,,,,,,,,,1.0,0.7142857142857143,0.5982695885832573,0.41011631828640904,1.0,0.8333333333333334,no,no,,,7.0,1.0,0.7142857142857143,-3.420801433837583,-2.9892698014804138,2.953425116939235,1.8710011841718461,0.6714285714285715,0.6714285714285715,0.05669467095138409,0.10350983390135315,0.0,0.2857142857142857,0.2857142857142857,0.8571428571428571,1.0,0.7142857142857143,1.0,0.8571428571428571,True
test,8,,,,Would a hedgehog avoid animals without a spinal cord?,no,,,,,,,,,,,,,,,,,,,,,,,,,,,,0.8571428571428571,0.8571428571428571,0.796311640170813,0.5982695885832573,1.0,1.0,no,no,,,7.0,0.8571428571428571,0.8571428571428571,-1.9903101239609353,-3.7532076153122413,2.0649851767662644,1.7908903154745226,0.6142857142857142,0.6571428571428571,0.06267831705280089,0.1336306209562122,0.14285714285714285,0.14285714285714285,0.2857142857142857,1.0,0.8571428571428571,0.8571428571428571,0.7142857142857143,1.0,True
test,9,,,,Can The Hobbit be read in its entirety in four minutes?,yes,,,,,,,,,,,,,,,,,,,,,,,,,,,,0.8571428571428571,0.8571428571428571,-1.000088900581841e-12,0.41011631828640904,0.0,0.0,no,no,,,7.0,0.0,0.0,-2.6607404435863904,-3.07556206835261,2.2862661678736234,1.4524945337600912,0.6714285714285715,0.6857142857142857,0.13801311186847087,0.10690449676496977,0.0,0.0,0.2857142857142857,1.0,0.0,0.0,0.14285714285714285,0.14285714285714285,True
test,10,,,,Could Plato have agreed with the beliefs of Jainism?,yes,,,,,,,,,,,,,,,,,,,,,,,,,,,,0.5714285714285714,0.8571428571428571,0.41011631828640904,0.9556998911095345,0.2,0.0,no,no,,,7.0,0.14285714285714285,0.0,-1.7319820948761893,-2.7912450517529095,2.210648095137327,1.7115714827780193,0.6214285714285713,0.6714285714285715,0.05669467095138409,0.10350983390135315,0.0,0.14285714285714285,0.2857142857142857,0.8571428571428571,0.14285714285714285,0.0,0.42857142857142855,0.2857142857142857,True
test,11,,,,Can Michael Bloomberg fund the debt of Micronesia for a decade?,yes,,,,,,,,,,,,,,,,,,,,,,,,,,,,1.0,0.5714285714285714,0.5982695885832573,0.9556998911095345,0.0,0.3333333333333333,no,no,,,7.0,0.0,0.2857142857142857,-2.701293400298734,-2.9545500618413967,2.3896041339372363,1.927006846186628,0.6714285714285715,0.6571428571428573,0.05669467095138409,0.1336306209562122,0.2857142857142857,0.0,0.42857142857142855,0.8571428571428571,0.0,0.2857142857142857,0.14285714285714285,0.2857142857142857,True
test,12,,,,Is Benjamin Franklin a prime candidate to have his statues removed by Black Lives Matter movement?,yes,,,,,,,,,,,,,,,,,,,,,,,,,,,,1.0,1.0,-1.000088900581841e-12,0.796311640170813,0.0,0.0,no,no,,,7.0,0.0,0.0,-2.9952550614105005,-2.6157858712006195,2.708283361958892,1.695228116118529,0.65,0.6357142857142858,0.0,0.03779644730092272,0.0,0.0,0.0,0.8571428571428571,0.0,0.0,0.14285714285714285,0.14285714285714285,True
test,13,,,,Are sables related to wolverines?,yes,,,,,,,,,,,,,,,,,,,,,,,,,,,,0.8571428571428571,0.42857142857142855,0.6829081046984717,1.0789922078745833,0.0,0.5,no,no,,,7.0,0.0,0.42857142857142855,-2.466788700588705,-2.4244526454092434,2.395851279433659,1.661107205072246,0.6285714285714287,0.6714285714285715,0.056694670951384085,0.10350983390135315,0.42857142857142855,0.0,0.42857142857142855,0.8571428571428571,0.0,0.42857142857142855,0.2857142857142857,0.2857142857142857,True
test,14,,,,Does Jerry Seinfeld hang out at the Budweiser Party Deck?,no,,,,,,,,,,,,,,,,,,,,,,,,,,,,1.0,0.7142857142857143,0.5982695885832573,-1.000088900581841e-12,1.0,0.7142857142857143,no,no,,,7.0,1.0,0.7142857142857143,-2.822260720339301,-3.1162272861467106,2.085682895266666,1.620825897292537,0.692857142857143,0.692857142857143,0.07319250547114,0.07319250547114,0.0,0.2857142857142857,0.2857142857142857,1.0,1.0,0.7142857142857143,1.0,1.0,True
test,15,,,,Do you often hear Marco Polo's name shouted near water?,yes,,,,,,,,,,,,,,,,,,,,,,,,,,,,0.7142857142857143,0.5714285714285714,0.9556998911095345,1.0789922078745835,0.16666666666666666,0.3333333333333333,no,no,,,7.0,0.14285714285714285,0.2857142857142857,-2.698313031813945,-2.5260129655832224,2.52987167156786,1.2157178292117217,0.6571428571428573,0.6571428571428573,0.1336306209562122,0.1336306209562122,0.2857142857142857,0.14285714285714285,0.42857142857142855,0.8571428571428571,0.14285714285714285,0.2857142857142857,0.2857142857142857,0.2857142857142857,True
test,16,,,,Can you hunt Iberian wolves in the Southern United States?,no,,,,,,,,,,,,,,,,,,,,,,,,,,,,0.8571428571428571,0.5714285714285714,0.9556998911095345,-1.000088900581841e-12,0.8571428571428571,0.6666666666666666,no,no,,,7.0,0.8571428571428571,0.5714285714285714,-3.6574908663386254,-4.458388191812939,2.5705709701940913,2.4547036042742962,0.6714285714285715,0.6785714285714286,0.05669467095138409,0.1439245834257849,0.0,0.2857142857142857,0.2857142857142857,1.0,0.8571428571428571,0.5714285714285714,1.0,1.0,True
test,17,,,,Can a New Yorker get their eyes checked by Rand Paul legally?,no,,,,,,,,,,,,,,,,,,,,,,,,,,,,0.8571428571428571,1.0,0.41011631828640904,0.5982695885832573,0.8571428571428571,1.0,no,no,,,7.0,0.8571428571428571,1.0,-2.1756248473800825,-3.7630141120086598,2.0779110028483685,2.0452585146847815,0.65,0.692857142857143,0.0,0.07319250547114,0.14285714285714285,0.0,0.14285714285714285,1.0,0.8571428571428571,1.0,0.7142857142857143,1.0,True
test,18,,,,Did the Nepalese Civil War take place near India?,yes,,,,,,,,,,,,,,,,,,,,,,,,,,,,1.0,0.5714285714285714,0.5982695885832573,1.277034259462139,1.0,0.3333333333333333,yes,no,,,7.0,1.0,0.2857142857142857,-1.665202549483266,-2.7079380579716243,2.8316553964703095,1.991755401381389,0.6571428571428571,0.6571428571428573,0.07319250547113998,0.1336306209562122,0.0,0.7142857142857143,0.7142857142857143,1.0,1.0,0.2857142857142857,0.42857142857142855,0.2857142857142857,True
test,19,,,,Will Chuck Norris be a nonagenarian by time next leap year after 2020 happens?,no,,,,,,,,,,,,,,,,,,,,,,,,,,,,0.7142857142857143,0.7142857142857143,0.5982695885832573,0.5982695885832573,1.0,1.0,no,no,,,7.0,0.7142857142857143,0.7142857142857143,-2.5417970929005094,-3.6809692376847765,2.6168215661691847,2.8575379375206302,0.6714285714285714,0.6857142857142857,0.1349603116263656,0.1180193688704165,0.0,0.0,0.0,0.7142857142857143,0.7142857142857143,0.7142857142857143,0.7142857142857143,1.0,True
test,20,,,,Would Snowdon mountain be a piece of cake for Tenzing Norgay?,yes,,,,,,,,,,,,,,,,,,,,,,,,,,,,0.8571428571428571,1.0,-1.000088900581841e-12,0.41011631828640904,0.0,0.0,no,no,,,7.0,0.0,0.0,-2.543700081913427,-3.4386798312823723,2.2986650076828576,1.6819992601241924,0.6357142857142858,0.692857142857143,0.11801936887041646,0.07319250547114,0.0,0.0,0.14285714285714285,0.7142857142857143,0.0,0.0,0.14285714285714285,0.0,True
test,21,,,,Is the letter D influenced by the shape of ancient doors?,yes,,,,,,,,,,,,,,,,,,,,,,,,,,,,0.7142857142857143,0.8571428571428571,0.41011631828640904,0.5982695885832573,0.16666666666666666,0.0,no,no,,,7.0,0.14285714285714285,0.0,-2.483547210655361,-4.189258575197015,1.9593046633236788,2.2341911797221936,0.6285714285714287,0.6142857142857142,0.056694670951384085,0.06267831705280089,0.0,0.14285714285714285,0.14285714285714285,0.8571428571428571,0.14285714285714285,0.0,0.2857142857142857,0.0,True
test,22,,,,Did John Lennon listen to Compact discs?,no,,,,,,,,,,,,,,,,,,,,,,,,,,,,1.0,0.7142857142857143,0.5982695885832573,1.0789922078745835,1.0,0.8333333333333334,no,no,,,7.0,1.0,0.7142857142857143,-2.03520475113454,-2.6176071166763593,1.6713219201181817,1.039884068246857,0.6857142857142857,0.6642857142857143,0.06267831705280087,0.09449111825230681,0.0,0.2857142857142857,0.2857142857142857,0.8571428571428571,1.0,0.7142857142857143,0.2857142857142857,0.7142857142857143,True
test,23,,,,Do the Egyptian pyramids look the same from outside as they did when new?,no,,,,,,,,,,,,,,,,,,,,,,,,,,,,0.8571428571428571,0.7142857142857143,0.796311640170813,0.5982695885832573,0.8571428571428571,0.8333333333333334,no,no,,,7.0,0.8571428571428571,0.7142857142857143,-2.5284887040889124,-3.100335257348029,2.217868277501568,1.518480978540554,0.6071428571428571,0.6285714285714287,0.05345224838248487,0.056694670951384085,0.0,0.14285714285714285,0.14285714285714285,0.8571428571428571,0.8571428571428571,0.7142857142857143,0.7142857142857143,0.7142857142857143,True
test,24,,,,Does March begin on the same day of the week as February during leap years?,no,,,,,,,,,,,,,,,,,,,,,,,,,,,,1.0,0.8571428571428571,0.41011631828640904,0.5982695885832573,1.0,1.0,no,no,,,7.0,1.0,0.8571428571428571,-3.3541183470691527,-2.6781926835858543,2.189015618553953,1.7665174031211401,0.6714285714285715,0.6928571428571428,0.05669467095138409,0.11338934190276818,0.0,0.14285714285714285,0.14285714285714285,0.8571428571428571,1.0,0.8571428571428571,1.0,0.7142857142857143,True
test,25,,,,Is blonde hair green eyed Sara Paxton considered a Latino?,yes,,,,,,,,,,,,,,,,,,,,,,,,,,,,1.0,1.0,-1.000088900581841e-12,-1.000088900581841e-12,0.0,0.0,no,no,,,7.0,0.0,0.0,-3.615875788445195,-2.912128448453499,2.5774342647171777,1.3283680092324819,0.65,0.65,0.0,0.0,0.0,0.0,0.0,0.8571428571428571,0.0,0.0,0.0,0.0,True
test,26,,,,Can the history of art be learned by an amoeba?,no,,,,,,,,,,,,,,,,,,,,,,,,,,,,1.0,0.5714285714285714,0.6829081046984717,0.41011631828640904,1.0,0.6666666666666666,no,no,,,7.0,1.0,0.5714285714285714,-4.049070626998394,-2.606573377310993,3.0333285561925742,1.2853469866750966,0.65,0.6357142857142858,0.0,0.09449111825230681,0.0,0.42857142857142855,0.42857142857142855,1.0,1.0,0.5714285714285714,1.0,0.8571428571428571,True
test,27,,,,Does it seem like the Gorillaz is composed of more members than they have?,yes,,,,,,,,,,,,,,,,,,,,,,,,,,,,0.7142857142857143,0.7142857142857143,0.41011631828640904,0.9556998911095345,0.0,0.16666666666666666,no,no,,,7.0,0.0,0.14285714285714285,-1.9123137337505725,-2.9897482735193726,2.2422999639520538,1.8376173752882137,0.6285714285714284,0.65,0.10350983390135315,0.08660254037844388,0.14285714285714285,0.0,0.2857142857142857,0.8571428571428571,0.0,0.14285714285714285,0.5714285714285714,0.14285714285714285,True
test,28,,,,Did Ice make people rich?,yes,,,,,,,,,,,,,,,,,,,,,,,,,,,,0.8571428571428571,1.0,-1.000088900581841e-12,0.796311640170813,0.0,0.0,no,no,,,7.0,0.0,0.0,-2.58738218029598,-3.131006513167137,2.1818595683384205,2.204236462013878,0.6642857142857143,0.6928571428571428,0.09449111825230681,0.09322272357358044,0.0,0.0,0.14285714285714285,0.8571428571428571,0.0,0.0,0.14285714285714285,0.14285714285714285,True
test,29,,,,Did Polar Bears roam around in Ancient Greece?,no,,,,,,,,,,,,,,,,,,,,,,,,,,,,0.7142857142857143,0.7142857142857143,1.0789922078745835,-1.000088900581841e-12,0.7142857142857143,0.8333333333333334,no,no,,,7.0,0.7142857142857143,0.7142857142857143,-2.918535504953733,-4.031968252790015,2.3192291482331524,2.204995622745132,0.6642857142857143,0.7071428571428571,0.03779644730092272,0.11338934190276818,0.2857142857142857,0.2857142857142857,0.5714285714285714,0.8571428571428571,0.7142857142857143,0.7142857142857143,1.0,1.0,True
test,30,,,,Is Alistair Darling in favor of Scottish independence?,no,,,,,,,,,,,,,,,,,,,,,,,,,,,,1.0,0.8571428571428571,0.41011631828640904,-1.000088900581841e-12,1.0,1.0,no,no,,,7.0,1.0,0.8571428571428571,-3.6403301782257103,-3.566782270025631,2.338522198575637,1.9064557048439101,0.6714285714285715,0.6928571428571428,0.05669467095138409,0.11338934190276818,0.0,0.14285714285714285,0.14285714285714285,0.8571428571428571,1.0,0.8571428571428571,1.0,1.0,True
test,31,,,,Is ID required to get all medications from all pharmacies?,no,,,,,,,,,,,,,,,,,,,,,,,,,,,,0.7142857142857143,0.8571428571428571,0.796311640170813,0.796311640170813,0.7142857142857143,0.8571428571428571,no,no,,,7.0,0.7142857142857143,0.8571428571428571,-2.7659121921421668,-4.094314029551231,2.4657526069474387,3.0616463163998953,0.6357142857142858,0.6571428571428571,0.03779644730092272,0.07319250547113998,0.14285714285714285,0.0,0.14285714285714285,1.0,0.7142857142857143,0.8571428571428571,0.8571428571428571,0.8571428571428571,True
test,32,,,,Do many fans of J.K Rowling know who Alan Rickman is?,yes,,,,,,,,,,,,,,,,,,,,,,,,,,,,0.5714285714285714,0.5714285714285714,1.351783994285646,1.0042424730510766,0.6666666666666666,0.42857142857142855,yes,no,,,7.0,0.5714285714285714,0.42857142857142855,-0.9104401724539805,-2.3365418570190775,2.704055068049904,1.3745332190871515,0.65,0.6714285714285715,0.08660254037844388,0.05669467095138409,0.14285714285714285,0.2857142857142857,0.5714285714285714,0.8571428571428571,0.5714285714285714,0.42857142857142855,0.8571428571428571,0.5714285714285714,True
test,33,,,,Does the Constitution of the Philippines copy text from the British constitution?,no,,,,,,,,,,,,,,,,,,,,,,,,,,,,0.7142857142857143,0.7142857142857143,1.0789922078745835,0.41011631828640904,0.7142857142857143,0.8333333333333334,no,no,,,7.0,0.7142857142857143,0.7142857142857143,-2.9561707632173184,-3.3742043630226535,2.304698629152314,2.008496161289884,0.65,0.5928571428571429,0.05773502691896256,0.1239239398064105,0.2857142857142857,0.2857142857142857,0.5714285714285714,1.0,0.7142857142857143,0.7142857142857143,1.0,0.8571428571428571,True
test,34,,,,Is sunscreen unhelpful for the condition that killed Bob Marley?,yes,,,,,,,,,,,,,,,,,,,,,,,,,,,,0.8571428571428571,0.7142857142857143,0.796311640170813,0.41011631828640904,0.14285714285714285,0.2857142857142857,no,no,,,7.0,0.14285714285714285,0.2857142857142857,-2.403853825097881,-3.8677248272211324,2.4224490463033255,1.9925616908441581,0.65,0.6928571428571428,0.0,0.07319250547114,0.14285714285714285,0.0,0.14285714285714285,1.0,0.14285714285714285,0.2857142857142857,0.14285714285714285,0.0,True
test,35,,,,Did mongoose come from later period than rhinos?,yes,,,,,,,,,,,,,,,,,,,,,,,,,,,,1.0,1.0,-1.000088900581841e-12,0.41011631828640904,0.0,0.0,no,no,,,7.0,0.0,0.0,-2.6861784797838055,-4.2469378875138535,2.527465738714263,2.5807015720770483,0.6857142857142857,0.6857142857142857,0.06267831705280087,0.06267831705280087,0.0,0.0,0.0,0.8571428571428571,0.0,0.0,0.14285714285714285,0.0,True
test,36,,,,"Is 2018 Ashland, Oregon population inadequate to be a hypothetical military division?",no,,,,,,,,,,,,,,,,,,,,,,,,,,,,0.8571428571428571,0.7142857142857143,0.796311640170813,-1.000088900581841e-12,0.8571428571428571,0.8333333333333334,no,no,,,7.0,0.8571428571428571,0.7142857142857143,-1.7279096330745563,-3.8158563882313206,1.8764182589818303,2.671913593609612,0.6857142857142857,0.7071428571428571,0.06267831705280087,0.11338934190276818,0.0,0.14285714285714285,0.14285714285714285,0.8571428571428571,0.8571428571428571,0.7142857142857143,0.0,1.0,True
test,37,,,,Is it wise to feed a Snickers bar to a poodle?,no,,,,,,,,,,,,,,,,,,,,,,,,,,,,0.8571428571428571,0.8571428571428571,0.41011631828640904,-1.000088900581841e-12,1.0,1.0,no,no,,,7.0,0.8571428571428571,0.8571428571428571,-3.0923140388690262,-3.948636735853742,2.398489688962351,2.512622684733038,0.6285714285714287,0.6714285714285715,0.056694670951384085,0.10350983390135315,0.0,0.0,0.0,1.0,0.8571428571428571,0.8571428571428571,1.0,1.0,True
test,38,,,,Is it best to avoid kola nuts with colitis?,yes,,,,,,,,,,,,,,,,,,,,,,,,,,,,0.42857142857142855,0.7142857142857143,1.0789922078745833,0.6829081046984717,0.5,0.7142857142857143,no,yes,,,7.0,0.42857142857142855,0.7142857142857143,-0.9751864841809327,-4.602842601930904,3.001434045797278,3.191669554779006,0.6785714285714286,0.7142857142857143,0.1439245834257849,0.08017837257372733,0.2857142857142857,0.0,0.42857142857142855,1.0,0.42857142857142855,0.7142857142857143,0.5714285714285714,0.0,True
test,39,,,,Does Woody Allen await the Second Coming?,no,,,,,,,,,,,,,,,,,,,,,,,,,,,,0.7142857142857143,0.42857142857142855,1.277034259462139,0.41011631828640904,0.8333333333333334,0.5,no,yes,,,7.0,0.7142857142857143,0.42857142857142855,-2.2208175658822107,-3.559787205216614,2.0932055813729638,1.5628558961049237,0.65,0.65,0.08660254037844388,0.08660254037844388,0.14285714285714285,0.42857142857142855,0.5714285714285714,1.0,0.7142857142857143,0.42857142857142855,0.8571428571428571,1.0,True
test,40,,,,Would Temujin hypothetically be jealous of Charlemagne's conquests?,no,,,,,,,,,,,,,,,,,,,,,,,,,,,,0.7142857142857143,0.8571428571428571,0.796311640170813,0.41011631828640904,1.0,1.0,no,no,,,7.0,0.7142857142857143,0.8571428571428571,-1.4129758562229588,-3.346604483321394,2.0931163633991585,2.377841186348826,0.6071428571428571,0.6428571428571429,0.11700630833624395,0.07319250547113998,0.14285714285714285,0.0,0.14285714285714285,1.0,0.7142857142857143,0.8571428571428571,0.14285714285714285,1.0,True
test,41,,,,"If Goofy were a pet, would he need heartworm prevention?",yes,,,,,,,,,,,,,,,,,,,,,,,,,,,,0.5714285714285714,0.5714285714285714,1.15374194269709,0.9556998911095345,0.3333333333333333,0.3333333333333333,no,no,,,7.0,0.2857142857142857,0.2857142857142857,-1.5799751281511232,-2.9892463681546744,2.285819938986017,3.416310085687463,0.6214285714285713,0.6357142857142858,0.12198750911856666,0.09449111825230681,0.14285714285714285,0.14285714285714285,0.2857142857142857,1.0,0.2857142857142857,0.2857142857142857,0.7142857142857143,0.14285714285714285,True
test,42,,,,Is number of different US President's in 1800s a lucky number in Hong Kong?,no,,,,,,,,,,,,,,,,,,,,,,,,,,,,0.8571428571428571,0.7142857142857143,0.9556998911095345,-1.000088900581841e-12,0.8571428571428571,0.2857142857142857,no,yes,,,7.0,0.8571428571428571,0.2857142857142857,-3.26833452478277,-4.017768314417407,2.702571973176773,2.8579898522607605,0.692857142857143,0.692857142857143,0.07319250547114,0.07319250547114,0.0,0.5714285714285714,0.5714285714285714,0.8571428571428571,0.8571428571428571,0.2857142857142857,1.0,1.0,True
test,43,,,,Does Biochemistry study gluons?,no,,,,,,,,,,,,,,,,,,,,,,,,,,,,1.0,0.7142857142857143,0.5982695885832573,-1.000088900581841e-12,1.0,0.7142857142857143,no,no,,,7.0,1.0,0.7142857142857143,-3.145102909373382,-3.920953477877705,2.5577315236070746,2.3699580531802567,0.6714285714285715,0.6571428571428571,0.05669467095138409,0.07319250547113998,0.0,0.2857142857142857,0.2857142857142857,1.0,1.0,0.7142857142857143,1.0,1.0,True
test,44,,,,Can fish get Tonsillitis?,no,,,,,,,,,,,,,,,,,,,,,,,,,,,,1.0,0.5714285714285714,0.6829081046984717,1.2770342594621393,1.0,0.6666666666666666,no,no,,,7.0,1.0,0.5714285714285714,-1.9157992771424546,-2.7216698782278974,2.26997724560409,1.802029886220342,0.65,0.6142857142857142,0.0,0.09449111825230681,0.0,0.42857142857142855,0.42857142857142855,1.0,1.0,0.5714285714285714,0.42857142857142855,0.7142857142857143,True
test,45,,,,Would a blooming onion be possible with a shallot?,no,,,,,,,,,,,,,,,,,,,,,,,,,,,,0.8571428571428571,0.7142857142857143,0.796311640170813,1.351783994285646,0.8571428571428571,0.8333333333333334,no,no,,,7.0,0.8571428571428571,0.7142857142857143,-2.130920410124046,-2.401209694970436,2.292793331381699,1.5309346165045221,0.6357142857142858,0.6142857142857142,0.037796447300922714,0.09449111825230681,0.0,0.14285714285714285,0.14285714285714285,1.0,0.8571428571428571,0.7142857142857143,0.42857142857142855,0.42857142857142855,True
test,46,,,,Would a packed Wembley stadium be likely to have a descendant of the Mongols inside?,yes,,,,,,,,,,,,,,,,,,,,,,,,,,,,1.0,0.7142857142857143,0.41011631828640904,0.6829081046984717,0.0,0.16666666666666666,no,no,,,7.0,0.0,0.14285714285714285,-1.3084013802575936,-2.6058175222692674,1.8437651110720599,1.7561304936202924,0.6357142857142858,0.6142857142857142,0.037796447300922714,0.09449111825230681,0.14285714285714285,0.0,0.2857142857142857,0.8571428571428571,0.0,0.14285714285714285,1.0,0.5714285714285714,True
test,47,,,,Is dyslexia the most common intellectual disability in US?,no,,,,,,,,,,,,,,,,,,,,,,,,,,,,1.0,1.0,-1.000088900581841e-12,-1.000088900581841e-12,1.0,1.0,no,no,,,7.0,1.0,1.0,-3.0557359967025013,-3.969804490332177,2.205791245761605,2.9480729834695176,0.65,0.6714285714285716,0.0,0.05669467095138409,0.0,0.0,0.0,1.0,1.0,1.0,1.0,1.0,True
test,48,,,,Are Brian Cranston and Saoirse Ronan's combined Emmy Awards a prime number?,no,,,,,,,,,,,,,,,,,,,,,,,,,,,,0.8571428571428571,0.8571428571428571,0.796311640170813,0.5982695885832573,0.8571428571428571,1.0,no,no,,,7.0,0.8571428571428571,0.8571428571428571,-3.0488684517106432,-3.3381140571367447,2.4565438076110366,2.1653583657635496,0.6714285714285715,0.6642857142857144,0.10350983390135314,0.11443442705426587,0.14285714285714285,0.14285714285714285,0.2857142857142857,0.42857142857142855,0.8571428571428571,0.8571428571428571,1.0,0.7142857142857143,True
test,49,,,,Is most store bought rice pudding made with brown rice?,no,,,,,,,,,,,,,,,,,,,,,,,,,,,,0.5714285714285714,0.8571428571428571,0.9556998911095345,0.6829081046984717,0.5714285714285714,0.8571428571428571,no,no,,,7.0,0.5714285714285714,0.8571428571428571,-2.9071573525474683,-3.3540905542384993,2.788602649465359,2.1292630651158464,0.65,0.7142857142857143,0.0,0.08017837257372733,0.2857142857142857,0.0,0.2857142857142857,0.8571428571428571,0.5714285714285714,0.8571428571428571,0.42857142857142855,1.0,True
test,50,,,,Do depressed people travel to the Golden Gate Bridge often?,yes,,,,,,,,,,,,,,,,,,,,,,,,,,,,0.7142857142857143,0.5714285714285714,1.0042424730510766,0.796311640170813,0.16666666666666666,0.6666666666666666,no,yes,,,7.0,0.14285714285714285,0.5714285714285714,-2.195055825339445,-2.7769835335567463,2.0934829206065144,1.4149944188680572,0.6142857142857142,0.6571428571428573,0.09449111825230681,0.1336306209562122,0.42857142857142855,0.0,0.42857142857142855,0.8571428571428571,0.14285714285714285,0.5714285714285714,0.14285714285714285,0.14285714285714285,True
test,51,,,,Would a snakebite hypothetically be a threat to T-1000?,no,,,,,,,,,,,,,,,,,,,,,,,,,,,,0.8571428571428571,0.5714285714285714,1.0042424730510766,0.796311640170813,0.8571428571428571,0.5714285714285714,no,no,,,7.0,0.8571428571428571,0.5714285714285714,-1.3169441223010507,-3.3491826736412125,2.1493745737865546,2.465367564015565,0.65,0.692857142857143,0.0,0.07319250547114,0.14285714285714285,0.42857142857142855,0.5714285714285714,1.0,0.8571428571428571,0.5714285714285714,0.14285714285714285,0.8571428571428571,True
test,52,,,,Is Kobe's famous animal product used in a BLT?,no,,,,,,,,,,,,,,,,,,,,,,,,,,,,0.5714285714285714,0.7142857142857143,1.277034259462139,0.9556998911095345,0.5714285714285714,0.2857142857142857,no,yes,,,7.0,0.5714285714285714,0.2857142857142857,-2.3237108502664614,-2.417725154296207,2.144805149469365,1.5680152569256207,0.6714285714285715,0.6928571428571428,0.05669467095138409,0.07319250547114,0.14285714285714285,0.42857142857142855,0.5714285714285714,0.8571428571428571,0.5714285714285714,0.2857142857142857,0.8571428571428571,0.7142857142857143,True
test,53,,,,Is the Asian black bear multicolored?,yes,,,,,,,,,,,,,,,,,,,,,,,,,,,,0.7142857142857143,0.5714285714285714,1.0789922078745835,-1.000088900581841e-12,0.2857142857142857,0.5714285714285714,no,yes,,,7.0,0.2857142857142857,0.5714285714285714,-3.29533822182231,-3.56641442420269,2.732655652727001,2.0873095949653946,0.6571428571428571,0.6785714285714286,0.07319250547113998,0.09063269671749657,0.2857142857142857,0.0,0.2857142857142857,0.7142857142857143,0.2857142857142857,0.5714285714285714,0.0,0.0,True
test,54,,,,Could  jockey win Triple Crown between Eid al-Fitr endpoints?,no,,,,,,,,,,,,,,,,,,,,,,,,,,,,0.5714285714285714,0.5714285714285714,0.6829081046984717,0.6829081046984717,0.6666666666666666,0.0,no,yes,,,7.0,0.5714285714285714,0.0,-2.6411132811549947,-3.3730158123809555,2.7412669110235606,1.5771570745552175,0.65,0.6285714285714284,0.08660254037844388,0.13496031162636563,0.0,0.5714285714285714,0.7142857142857143,0.8571428571428571,0.5714285714285714,0.0,0.5714285714285714,1.0,True
test,55,,,,Can an adult human skull hypothetically pass through the birth canal?,yes,,,,,,,,,,,,,,,,,,,,,,,,,,,,0.8571428571428571,0.8571428571428571,0.41011631828640904,0.5982695885832573,0.14285714285714285,0.14285714285714285,no,no,,,7.0,0.14285714285714285,0.14285714285714285,-2.363478524288034,-3.9367179867449997,2.35593696432541,2.3599591258734507,0.6714285714285715,0.7142857142857143,0.05669467095138409,0.08017837257372733,0.0,0.0,0.0,0.7142857142857143,0.14285714285714285,0.14285714285714285,0.7142857142857143,0.0,True
test,56,,,,Did Jerry Seinfeld have reason to cheer in 1986?,yes,,,,,,,,,,,,,,,,,,,,,,,,,,,,0.8571428571428571,0.5714285714285714,0.5982695885832573,1.277034259462139,0.0,0.3333333333333333,no,no,,,7.0,0.0,0.2857142857142857,-1.631076812733112,-2.861564091214921,1.55030385770333,2.0588392861909446,0.6928571428571428,0.6714285714285715,0.11338934190276818,0.10350983390135315,0.2857142857142857,0.0,0.5714285714285714,1.0,0.0,0.2857142857142857,0.5714285714285714,0.42857142857142855,True
test,57,,,,Are the Vietnamese people a great untapped resource for NBA players?,no,,,,,,,,,,,,,,,,,,,,,,,,,,,,0.8571428571428571,0.8571428571428571,0.41011631828640904,0.9556998911095343,1.0,1.0,no,no,,,7.0,0.8571428571428571,0.8571428571428571,-2.20058441159246,-2.599248068634036,2.0976154458204275,1.7322149578418866,0.6142857142857142,0.6142857142857142,0.06267831705280089,0.06267831705280089,0.0,0.0,0.0,0.8571428571428571,0.8571428571428571,0.8571428571428571,0.7142857142857143,0.8571428571428571,True
test,58,,,,Are Aldi's foods discounted due to being out of date?,no,,,,,,,,,,,,,,,,,,,,,,,,,,,,0.8571428571428571,0.7142857142857143,0.796311640170813,0.796311640170813,0.8571428571428571,0.7142857142857143,no,no,,,7.0,0.8571428571428571,0.7142857142857143,-2.3361636570262028,-2.628495352578564,1.8519861642336453,1.5230080589158526,0.65,0.65,0.0,0.0,0.0,0.14285714285714285,0.14285714285714285,0.8571428571428571,0.8571428571428571,0.7142857142857143,0.8571428571428571,0.8571428571428571,True
test,59,,,,Can Darth Vader hypothetically outdunk Bill Walton without using The Force?,no,,,,,,,,,,,,,,,,,,,,,,,,,,,,0.7142857142857143,0.7142857142857143,0.5982695885832573,0.9556998911095343,0.7142857142857143,0.8333333333333334,no,no,,,7.0,0.7142857142857143,0.7142857142857143,-2.0847494942493445,-2.506928580097973,2.3157638696585487,1.8568864445416535,0.6857142857142857,0.65,0.06267831705280087,0.08660254037844388,0.0,0.0,0.14285714285714285,0.7142857142857143,0.7142857142857143,0.7142857142857143,0.5714285714285714,0.7142857142857143,True
test,60,,,,Is a curling iron necessary in curling?,no,,,,,,,,,,,,,,,,,,,,,,,,,,,,1.0,0.8571428571428571,0.41011631828640904,0.41011631828640904,1.0,0.8571428571428571,no,no,,,7.0,1.0,0.8571428571428571,-2.9719957623269164,-3.183001381713791,2.5503079851810893,2.4815381117001296,0.65,0.6785714285714286,0.0,0.09063269671749657,0.0,0.14285714285714285,0.14285714285714285,1.0,1.0,0.8571428571428571,1.0,0.8571428571428571,True
test,61,,,,Is a jellyfish safe from atherosclerosis?,yes,,,,,,,,,,,,,,,,,,,,,,,,,,,,0.7142857142857143,0.7142857142857143,1.1537419426970903,0.9556998911095345,0.2857142857142857,0.2857142857142857,no,no,,,7.0,0.2857142857142857,0.2857142857142857,-2.3338922772747424,-3.9038908817203923,2.142522049703429,2.7937954066018778,0.65,0.6928571428571428,0.0,0.07319250547114,0.14285714285714285,0.14285714285714285,0.2857142857142857,1.0,0.2857142857142857,0.2857142857142857,0.2857142857142857,0.14285714285714285,True
test,62,,,,Could all of the famous Apollo's hypothetically defeat all of the famous D'Artagnan's?,yes,,,,,,,,,,,,,,,,,,,,,,,,,,,,0.5714285714285714,0.42857142857142855,0.9556998911095345,0.9556998911095345,0.3333333333333333,0.5,no,no,,,7.0,0.2857142857142857,0.42857142857142855,-2.465727669809049,-2.466031210736793,2.2648301795915455,1.4477419556979811,0.6357142857142858,0.6928571428571428,0.11801936887041647,0.1618347187425374,0.14285714285714285,0.0,0.14285714285714285,0.8571428571428571,0.2857142857142857,0.42857142857142855,0.14285714285714285,0.2857142857142857,True
test,63,,,,Would Shaggy and Redenbacher popcorn founder both raise hand during first name roll call?,yes,,,,,,,,,,,,,,,,,,,,,,,,,,,,0.8571428571428571,0.8571428571428571,0.41011631828640904,0.5982695885832573,0.0,0.14285714285714285,no,no,,,7.0,0.0,0.14285714285714285,-2.832300458576991,-2.7424605232775474,2.2064006245905525,1.97711667818889,0.6285714285714284,0.65,0.1439245834257849,0.11180339887498948,0.14285714285714285,0.0,0.2857142857142857,1.0,0.0,0.14285714285714285,0.0,0.2857142857142857,True
test,64,,,,Does horseradish have a fetlock?,no,,,,,,,,,,,,,,,,,,,,,,,,,,,,0.8571428571428571,0.7142857142857143,0.796311640170813,-1.000088900581841e-12,0.8571428571428571,0.2857142857142857,no,yes,,,7.0,0.8571428571428571,0.2857142857142857,-2.783572060669427,-2.989766257112941,2.09963851080529,1.3312324091393246,0.65,0.6571428571428571,0.0,0.07319250547113998,0.14285714285714285,0.7142857142857143,0.8571428571428571,0.8571428571428571,0.8571428571428571,0.2857142857142857,1.0,1.0,True
test,65,,,,Does Antarctica have a lot of problems relating to homelessness?,no,,,,,,,,,,,,,,,,,,,,,,,,,,,,1.0,0.7142857142857143,0.41011631828640904,0.5982695885832573,1.0,0.16666666666666666,no,yes,,,7.0,1.0,0.14285714285714285,-2.579401288623835,-3.174467904171052,2.480562374799198,1.6245267815284254,0.6357142857142858,0.6142857142857142,0.06900655593423541,0.06267831705280089,0.0,0.8571428571428571,0.8571428571428571,1.0,1.0,0.14285714285714285,0.7142857142857143,1.0,True
test,66,,,,Does Masaharu Morimoto rely on glutamic acid?,yes,,,,,,,,,,,,,,,,,,,,,,,,,,,,0.8571428571428571,0.5714285714285714,0.5982695885832573,0.5982695885832573,0.0,0.3333333333333333,no,no,,,7.0,0.0,0.2857142857142857,-2.0498046874667786,-3.241647447792919,2.2312585382548207,1.5513087931258192,0.65,0.6928571428571428,0.08660254037844388,0.11338934190276818,0.2857142857142857,0.0,0.2857142857142857,1.0,0.0,0.2857142857142857,0.2857142857142857,0.0,True
test,67,,,,Was the amount of spinach Popeye ate unhealthy?,yes,,,,,,,,,,,,,,,,,,,,,,,,,,,,1.0,1.0,-1.000088900581841e-12,-1.000088900581841e-12,0.0,0.0,no,no,,,7.0,0.0,0.0,-2.4882529122107337,-2.894634791733952,2.1119442567803604,1.659446230131636,0.6642857142857143,0.6857142857142858,0.03779644730092272,0.06267831705280089,0.0,0.0,0.0,1.0,0.0,0.0,0.0,0.0,True
test,68,,,,Does Mercury make for good Slip N Slide material?,no,,,,,,,,,,,,,,,,,,,,,,,,,,,,0.8571428571428571,0.7142857142857143,0.796311640170813,1.0042424730510766,0.8571428571428571,0.8333333333333334,no,no,,,7.0,0.8571428571428571,0.7142857142857143,-1.9764987400338219,-2.5951222010693367,2.3275835485917304,1.5743859500499686,0.65,0.6571428571428573,0.0,0.1336306209562122,0.0,0.14285714285714285,0.14285714285714285,1.0,0.8571428571428571,0.7142857142857143,0.5714285714285714,0.8571428571428571,True
test,69,,,,Can a snow leopard swim?,yes,,,,,,,,,,,,,,,,,,,,,,,,,,,,0.8571428571428571,0.8571428571428571,0.796311640170813,0.796311640170813,0.14285714285714285,0.14285714285714285,no,no,,,7.0,0.14285714285714285,0.14285714285714285,-2.2017233711566733,-2.333120618467437,2.8050456024785886,3.0221068949724246,0.6928571428571428,0.7142857142857143,0.07319250547114,0.08017837257372733,0.14285714285714285,0.14285714285714285,0.2857142857142857,0.7142857142857143,0.14285714285714285,0.14285714285714285,0.2857142857142857,0.14285714285714285,True
test,70,,,,Was Eve involved in an incestuous relationship?,yes,,,,,,,,,,,,,,,,,,,,,,,,,,,,1.0,0.8571428571428571,-1.000088900581841e-12,0.9556998911095345,0.0,0.0,no,no,,,7.0,0.0,0.0,-2.6883534022108613,-3.515205928121703,2.360123228230889,2.2977539064078867,0.6857142857142857,0.6642857142857143,0.06267831705280087,0.09449111825230681,0.0,0.0,0.14285714285714285,0.7142857142857143,0.0,0.0,0.2857142857142857,0.14285714285714285,True
test,71,,,,Could the Powepuff Girls make the background to the Azerbaijani flag?,yes,,,,,,,,,,,,,,,,,,,,,,,,,,,,0.8571428571428571,0.8571428571428571,-1.000088900581841e-12,0.9556998911095345,0.0,0.0,no,no,,,7.0,0.0,0.0,-2.4868621825658623,-3.3119076319084684,2.454448422809125,1.8695892356784085,0.65,0.6642857142857143,0.12583057392117916,0.06267831705280089,0.0,0.0,0.2857142857142857,1.0,0.0,0.0,0.2857142857142857,0.14285714285714285,True
test,72,,,,Did the Coen brothers ever collaborate with the Brothers Grimm?,no,,,,,,,,,,,,,,,,,,,,,,,,,,,,1.0,1.0,-1.000088900581841e-12,-1.000088900581841e-12,1.0,1.0,no,no,,,7.0,1.0,1.0,-3.7008410859954988,-3.600599561344999,2.32440812843412,1.563226177803444,0.6714285714285714,0.6928571428571428,0.0809173593712687,0.09322272357358044,0.0,0.0,0.0,1.0,1.0,1.0,1.0,1.0,True
test,73,,,,Would you spend less on your food at Aldi than at Whole Foods?,yes,,,,,,,,,,,,,,,,,,,,,,,,,,,,0.42857142857142855,0.5714285714285714,0.9556998911095345,0.9556998911095345,0.5,0.3333333333333333,no,no,,,7.0,0.42857142857142855,0.2857142857142857,-1.1434653145793874,-2.816266196036218,2.5804739250552258,2.120731480205775,0.6142857142857142,0.65,0.09449111825230681,0.08660254037844388,0.0,0.14285714285714285,0.14285714285714285,0.8571428571428571,0.42857142857142855,0.2857142857142857,0.7142857142857143,0.14285714285714285,True
test,74,,,,Is Steve Carell's character on The Office portrayed as one with tremendous leadership skills?,no,,,,,,,,,,,,,,,,,,,,,,,,,,,,0.7142857142857143,0.5714285714285714,1.277034259462139,0.5982695885832573,0.7142857142857143,0.5714285714285714,no,no,,,7.0,0.7142857142857143,0.5714285714285714,-1.6805610656601608,-2.914452688980258,1.71005557353324,1.6836366897391104,0.692857142857143,0.692857142857143,0.07319250547114,0.07319250547114,0.14285714285714285,0.2857142857142857,0.42857142857142855,1.0,0.7142857142857143,0.5714285714285714,0.2857142857142857,1.0,True
test,75,,,,Would Othello be Shakespeare's play to buy Scheherazade most time with king?,no,,,,,,,,,,,,,,,,,,,,,,,,,,,,0.8571428571428571,0.8571428571428571,0.796311640170813,1.2770342594621393,1.0,1.0,no,no,,,7.0,0.8571428571428571,0.8571428571428571,-2.473531995460825,-2.8937285286653815,1.8896927472160832,1.503178142853696,0.6,0.6428571428571429,0.0957427107756338,0.07319250547113998,0.14285714285714285,0.14285714285714285,0.2857142857142857,1.0,0.8571428571428571,0.8571428571428571,0.5714285714285714,0.7142857142857143,True
test,76,,,,Is someone more likely to survive having breast cancer in Japan than in Sweden?,no,,,,,,,,,,,,,,,,,,,,,,,,,,,,1.0,0.7142857142857143,0.5982695885832573,0.9556998911095345,1.0,0.7142857142857143,no,no,,,7.0,1.0,0.7142857142857143,-1.721701485751926,-4.358191898253383,1.971292530163761,2.795889300803693,0.6642857142857143,0.7,0.10293317295817755,0.1,0.0,0.2857142857142857,0.2857142857142857,1.0,1.0,0.7142857142857143,0.2857142857142857,0.8571428571428571,True
test,77,,,,Was Harry Potter a better investment than The Matrix for Warner Bros.?,yes,,,,,,,,,,,,,,,,,,,,,,,,,,,,0.8571428571428571,0.5714285714285714,0.5982695885832573,0.9556998911095345,0.0,0.3333333333333333,no,no,,,7.0,0.0,0.2857142857142857,-2.1785354613974213,-2.643553597556823,1.9884975917349643,1.5188259044454482,0.6928571428571428,0.7071428571428571,0.1455694892155502,0.11338934190276818,0.2857142857142857,0.0,0.2857142857142857,1.0,0.0,0.2857142857142857,0.14285714285714285,0.2857142857142857,True
test,78,,,,Was Kane (wrestler) banned from WCW  headquarters city?,no,,,,,,,,,,,,,,,,,,,,,,,,,,,,0.8571428571428571,0.7142857142857143,0.796311640170813,1.351783994285646,0.8571428571428571,0.8333333333333334,no,no,,,7.0,0.8571428571428571,0.7142857142857143,-1.9244984217755436,-2.309152058148023,2.288058721868244,1.7512426232658416,0.7,0.6785714285714286,0.1,0.1439245834257849,0.0,0.14285714285714285,0.14285714285714285,0.8571428571428571,0.8571428571428571,0.7142857142857143,0.42857142857142855,0.42857142857142855,True
test,79,,,,Did Amy Winehouse always perform live perfectly?,no,,,,,,,,,,,,,,,,,,,,,,,,,,,,0.8571428571428571,0.8571428571428571,0.41011631828640904,0.41011631828640904,0.8571428571428571,0.8571428571428571,no,no,,,7.0,0.8571428571428571,0.8571428571428571,-4.18814740581872,-3.1380538940032454,3.126028111107762,1.221304619502123,0.6714285714285715,0.692857142857143,0.05669467095138409,0.07319250547114,0.0,0.0,0.0,0.5714285714285714,0.8571428571428571,0.8571428571428571,1.0,0.8571428571428571,True
test,80,,,,Would Robert Wadlow tower over a German Shepherd?,yes,,,,,,,,,,,,,,,,,,,,,,,,,,,,1.0,1.0,-1.000088900581841e-12,0.6829081046984717,0.0,0.0,no,no,,,7.0,0.0,0.0,-1.851845332521344,-3.6850945605759207,2.3749546344717354,2.6815698556344083,0.6714285714285715,0.6714285714285715,0.05669467095138409,0.05669467095138409,0.0,0.0,0.0,0.7142857142857143,0.0,0.0,0.42857142857142855,0.0,True
test,81,,,,Does The Doctor keep his ship in his childhood home?,no,,,,,,,,,,,,,,,,,,,,,,,,,,,,0.5714285714285714,0.5714285714285714,1.277034259462139,1.0042424730510766,0.6666666666666666,0.3333333333333333,no,yes,,,7.0,0.5714285714285714,0.2857142857142857,-2.537525176949064,-2.8571608406543625,2.389576298977047,1.802854055695348,0.6642857142857143,0.6571428571428571,0.09449111825230681,0.11338934190276817,0.14285714285714285,0.42857142857142855,0.5714285714285714,0.8571428571428571,0.5714285714285714,0.2857142857142857,0.5714285714285714,0.8571428571428571,True
test,82,,,,Would a rabbi worship martyrs Ranavalona I killed?,no,,,,,,,,,,,,,,,,,,,,,,,,,,,,0.8571428571428571,0.5714285714285714,0.9556998911095343,-1.000088900581841e-12,0.8571428571428571,0.3333333333333333,no,yes,,,7.0,0.8571428571428571,0.2857142857142857,-3.0324298312920077,-2.9111845833592476,2.2919236379683756,1.3147213751974156,0.65,0.6928571428571428,0.0,0.11338934190276818,0.0,0.5714285714285714,0.5714285714285714,1.0,0.8571428571428571,0.2857142857142857,1.0,1.0,True
test,83,,,,Did origin dynasty of Go precede Jia Sidao?,yes,,,,,,,,,,,,,,,,,,,,,,,,,,,,0.5714285714285714,0.7142857142857143,0.796311640170813,0.41011631828640904,0.3333333333333333,0.16666666666666666,no,no,,,7.0,0.2857142857142857,0.14285714285714285,-2.9255349294657407,-3.7404125756299273,2.2422060744553236,2.3022855357834615,0.65,0.6928571428571428,0.08660254037844388,0.11338934190276818,0.0,0.14285714285714285,0.42857142857142855,0.8571428571428571,0.2857142857142857,0.14285714285714285,0.14285714285714285,0.0,True
test,84,,,,Would ISIS agree with Al-Farabi's religious sect?,no,,,,,,,,,,,,,,,,,,,,,,,,,,,,0.8571428571428571,0.5714285714285714,0.9556998911095345,1.0789922078745835,0.8571428571428571,0.6666666666666666,no,no,,,7.0,0.8571428571428571,0.5714285714285714,-2.1662499563760944,-2.9633347647108725,1.9807540884028718,1.4675875097540367,0.6642857142857144,0.6857142857142857,0.037796447300922714,0.08017837257372734,0.0,0.2857142857142857,0.2857142857142857,1.0,0.8571428571428571,0.5714285714285714,0.42857142857142855,0.7142857142857143,True
test,85,,,,Is nickel dominant material in US 2020 nickels?,no,,,,,,,,,,,,,,,,,,,,,,,,,,,,0.7142857142857143,0.5714285714285714,1.2770342594621393,0.9556998911095343,0.7142857142857143,0.6666666666666666,no,no,,,7.0,0.7142857142857143,0.5714285714285714,-2.431206839367699,-3.6252196174320237,2.4103922223207235,2.1033200488866246,0.6714285714285715,0.6928571428571428,0.05669467095138409,0.11338934190276818,0.14285714285714285,0.2857142857142857,0.42857142857142855,0.8571428571428571,0.7142857142857143,0.5714285714285714,0.7142857142857143,0.8571428571428571,True
test,86,,,,"Is ""A Tale of Two Cities"" a popular science novel?",no,,,,,,,,,,,,,,,,,,,,,,,,,,,,1.0,0.8571428571428571,0.41011631828640904,-1.000088900581841e-12,1.0,1.0,no,no,,,7.0,1.0,0.8571428571428571,-4.31062534757943,-2.975521632564327,2.8583665111753453,1.3421460514444519,0.65,0.6571428571428571,0.0,0.1336306209562122,0.0,0.14285714285714285,0.14285714285714285,1.0,1.0,0.8571428571428571,1.0,1.0,True
test,87,,,,Would hypothermia be a concern for a human wearing zoot suit on Triton?,yes,,,,,,,,,,,,,,,,,,,,,,,,,,,,0.5714285714285714,0.5714285714285714,1.2770342594621393,0.41011631828640904,0.42857142857142855,0.42857142857142855,no,no,,,7.0,0.42857142857142855,0.42857142857142855,-1.3964200700885618,-3.3112885610207776,2.0890545948503756,2.074242940800936,0.65,0.6714285714285715,0.0,0.05669467095138409,0.14285714285714285,0.14285714285714285,0.2857142857142857,1.0,0.42857142857142855,0.42857142857142855,1.0,0.14285714285714285,True
test,88,,,,Would a caracal be defeated by Javier Sotomayor in a high jump competition?,no,,,,,,,,,,,,,,,,,,,,,,,,,,,,0.8571428571428571,0.7142857142857143,0.9556998911095345,1.0042424730510766,1.0,0.7142857142857143,no,no,,,7.0,0.8571428571428571,0.7142857142857143,-1.9811750139315443,-1.855965205542,1.9788081932921768,3.184748054612523,0.6285714285714284,0.6714285714285715,0.056694670951384085,0.05669467095138409,0.14285714285714285,0.2857142857142857,0.42857142857142855,0.8571428571428571,0.8571428571428571,0.7142857142857143,0.14285714285714285,0.5714285714285714,True
test,89,,,,Could you drive a Rowe 550 to the 2008 Summer Olympics?,yes,,,,,,,,,,,,,,,,,,,,,,,,,,,,0.8571428571428571,0.7142857142857143,0.9556998911095345,0.41011631828640904,0.14285714285714285,0.8333333333333334,no,yes,,,7.0,0.14285714285714285,0.7142857142857143,-2.567511422224636,-3.007911137128725,2.4275785324729813,1.4588168964484634,0.7142857142857143,0.6928571428571428,0.08017837257372733,0.11338934190276818,0.5714285714285714,0.0,0.7142857142857143,1.0,0.14285714285714285,0.7142857142857143,0.14285714285714285,0.0,True
test,90,,,,Can olive oil kill rabies?,no,,,,,,,,,,,,,,,,,,,,,,,,,,,,1.0,0.5714285714285714,0.6829081046984717,0.41011631828640904,1.0,0.6666666666666666,no,no,,,7.0,1.0,0.5714285714285714,-2.49463435578286,-3.6403290882880315,2.013890941722143,2.197156329054183,0.65,0.6714285714285715,0.0,0.10350983390135315,0.0,0.42857142857142855,0.42857142857142855,0.8571428571428571,1.0,0.5714285714285714,1.0,0.8571428571428571,True
test,91,,,,Can the majority of vowels be typed on the first line of a QWERTY keyboard?,yes,,,,,,,,,,,,,,,,,,,,,,,,,,,,1.0,0.7142857142857143,-1.000088900581841e-12,0.796311640170813,0.0,0.0,no,no,,,7.0,0.0,0.0,-2.7525335038726624,-2.752990177666836,2.5188589841478355,1.5073445803360705,0.6857142857142857,0.6214285714285716,0.11443442705426586,0.14960264830861913,0.0,0.0,0.2857142857142857,1.0,0.0,0.0,0.14285714285714285,0.2857142857142857,True
test,92,,,,Is it more expensive to run for President of India than to buy a new iPhone 11?,no,,,,,,,,,,,,,,,,,,,,,,,,,,,,0.8571428571428571,0.42857142857142855,1.0042424730510766,1.0042424730510766,1.0,0.5,no,no,,,7.0,0.8571428571428571,0.42857142857142855,-2.032376425562655,-3.7548708230772765,2.4972044203599286,2.7796195676656352,0.6642857142857143,0.6928571428571428,0.13451854182690987,0.10578504710249079,0.0,0.42857142857142855,0.42857142857142855,1.0,0.8571428571428571,0.42857142857142855,0.42857142857142855,0.8571428571428571,True
test,93,,,,Can the Very Large Telescope observe the largest mountain on Earth?,no,,,,,,,,,,,,,,,,,,,,,,,,,,,,0.8571428571428571,0.7142857142857143,0.9556998911095345,0.41011631828640904,0.8571428571428571,0.8333333333333334,no,no,,,7.0,0.8571428571428571,0.7142857142857143,-1.769726344499905,-3.622275215999111,2.0446880014080286,2.341817353597588,0.6714285714285715,0.65,0.05669467095138409,0.08660254037844388,0.14285714285714285,0.2857142857142857,0.42857142857142855,1.0,0.8571428571428571,0.7142857142857143,0.0,0.8571428571428571,True
test,94,,,,Does highest US Court have enough seats for every Prime Minister of the United Kingdom since 1952?,no,,,,,,,,,,,,,,,,,,,,,,,,,,,,0.8571428571428571,0.5714285714285714,0.9556998911095345,0.41011631828640904,0.8571428571428571,0.5714285714285714,no,no,,,7.0,0.8571428571428571,0.5714285714285714,-3.270558493343278,-2.8978860037326,2.343374344935151,1.4119061896860716,0.6857142857142857,0.7285714285714285,0.06267831705280087,0.07559289460184546,0.0,0.2857142857142857,0.2857142857142857,1.0,0.8571428571428571,0.5714285714285714,1.0,0.8571428571428571,True
test,95,,,,Would Quiet from Metal Gear be a poor hypothetical choice for lecturer at Haub?,yes,,,,,,,,,,,,,,,,,,,,,,,,,,,,1.0,0.8571428571428571,-1.000088900581841e-12,0.5982695885832573,0.0,0.0,no,no,,,7.0,0.0,0.0,-1.6187564304705873,-3.5551152909435,2.1755520761953377,1.9931750910260406,0.65,0.6357142857142858,0.0,0.09449111825230681,0.0,0.0,0.14285714285714285,0.8571428571428571,0.0,0.0,0.7142857142857143,0.0,True
test,96,,,,Does Post Malone have a fear of needles?,no,,,,,,,,,,,,,,,,,,,,,,,,,,,,0.7142857142857143,0.5714285714285714,0.9556998911095345,0.5982695885832573,0.8333333333333334,0.6666666666666666,no,no,,,7.0,0.7142857142857143,0.5714285714285714,-2.5221154348679464,-2.9558230808381287,2.420261287846669,1.6175077468661094,0.6357142857142858,0.65,0.11801936887041647,0.08660254037844388,0.0,0.14285714285714285,0.14285714285714285,1.0,0.7142857142857143,0.5714285714285714,0.7142857142857143,1.0,True
test,97,,,,Did Al-Farabi ever meet Mohammed?,no,,,,,,,,,,,,,,,,,,,,,,,,,,,,1.0,0.8571428571428571,0.41011631828640904,0.5982695885832573,1.0,1.0,no,no,,,7.0,1.0,0.8571428571428571,-3.459120614086519,-3.01727730880004,2.1247588000886997,2.0732610331473693,0.6785714285714286,0.6714285714285715,0.04879500364742665,0.10350983390135315,0.0,0.14285714285714285,0.14285714285714285,1.0,1.0,0.8571428571428571,1.0,0.7142857142857143,True
test,98,,,,Can monkeys use QWERTY keyboards?,yes,,,,,,,,,,,,,,,,,,,,,,,,,,,,0.8571428571428571,0.7142857142857143,0.9556998911095345,1.0042424730510766,0.14285714285714285,0.2857142857142857,no,no,,,7.0,0.14285714285714285,0.2857142857142857,-3.0144364491810145,-3.4988474163124548,3.051104578357237,2.213021023777245,0.6714285714285715,0.7142857142857143,0.05669467095138409,0.08017837257372733,0.2857142857142857,0.14285714285714285,0.42857142857142855,1.0,0.14285714285714285,0.2857142857142857,0.42857142857142855,0.14285714285714285,True
test,99,,,,Do Australians ride Kangaroos to work?,no,,,,,,,,,,,,,,,,,,,,,,,,,,,,1.0,0.7142857142857143,0.5982695885832573,-1.000088900581841e-12,1.0,0.7142857142857143,no,no,,,7.0,1.0,0.7142857142857143,-3.6336778902952553,-3.5754601613721704,3.147197275437537,2.0031178110679733,0.6714285714285715,0.6714285714285715,0.05669467095138409,0.05669467095138409,0.0,0.2857142857142857,0.2857142857142857,0.8571428571428571,1.0,0.7142857142857143,1.0,1.0,True
test,100,,,,Can a student from Smithtown's Cleary School understand the speech of a French person?,no,,,,,,,,,,,,,,,,,,,,,,,,,,,,0.7142857142857143,0.7142857142857143,0.5982695885832573,1.277034259462139,0.8333333333333334,0.8333333333333334,no,no,,,7.0,0.7142857142857143,0.7142857142857143,-1.9204962593850543,-2.504340580495833,2.255452841826424,1.7918549115519997,0.692857142857143,0.6714285714285715,0.16183471874253744,0.10350983390135315,0.0,0.0,0.0,1.0,0.7142857142857143,0.7142857142857143,0.5714285714285714,0.7142857142857143,True
test,101,,,,Would a Catholic priest commend someone's pride?,no,,,,,,,,,,,,,,,,,,,,,,,,,,,,0.8571428571428571,0.8571428571428571,0.41011631828640904,1.2770342594621393,0.8571428571428571,0.8571428571428571,no,no,,,7.0,0.8571428571428571,0.8571428571428571,-2.328799656426956,-2.293628147642546,1.9119186090190594,1.7544286609017188,0.6214285714285716,0.6785714285714286,0.04879500364742665,0.09063269671749657,0.0,0.0,0.0,0.8571428571428571,0.8571428571428571,0.8571428571428571,0.42857142857142855,0.5714285714285714,True
test,102,,,,Was Iggy Pop named after his father?,yes,,,,,,,,,,,,,,,,,,,,,,,,,,,,0.8571428571428571,0.8571428571428571,-1.000088900581841e-12,0.796311640170813,0.0,0.0,no,no,,,7.0,0.0,0.0,-3.1475127083031644,-3.2129625591952027,2.1184269657007055,1.9650203165932099,0.65,0.6571428571428573,0.12583057392117916,0.07319250547113998,0.0,0.0,0.2857142857142857,0.8571428571428571,0.0,0.0,0.14285714285714285,0.14285714285714285,True
test,103,,,,Would fans of Jonathan Larson be unaware of HIV?,no,,,,,,,,,,,,,,,,,,,,,,,,,,,,0.8571428571428571,0.7142857142857143,0.9556998911095345,0.796311640170813,0.8571428571428571,0.8333333333333334,no,no,,,7.0,0.8571428571428571,0.7142857142857143,-2.316699436696792,-2.763530731153032,2.22142551035822,1.809562598822619,0.65,0.6214285714285716,0.0,0.12198750911856665,0.14285714285714285,0.2857142857142857,0.42857142857142855,1.0,0.8571428571428571,0.7142857142857143,0.8571428571428571,0.7142857142857143,True
test,104,,,,Did the Nazis use the Hammer and sickle flag?,no,,,,,,,,,,,,,,,,,,,,,,,,,,,,1.0,0.8571428571428571,0.41011631828640904,0.41011631828640904,1.0,1.0,no,no,,,7.0,1.0,0.8571428571428571,-3.4515784125900617,-2.6272490364829655,2.635934115812145,1.5084977717573922,0.6714285714285715,0.65,0.05669467095138409,0.08660254037844388,0.0,0.14285714285714285,0.14285714285714285,0.7142857142857143,1.0,0.8571428571428571,1.0,0.8571428571428571,True
test,105,,,,Tata Hexa can accomodate every Spice Girl?,yes,,,,,,,,,,,,,,,,,,,,,,,,,,,,0.7142857142857143,0.7142857142857143,0.41011631828640904,0.5982695885832573,0.16666666666666666,0.16666666666666666,no,no,,,7.0,0.14285714285714285,0.14285714285714285,-2.866391318123161,-2.3633749825294075,2.2376899058859556,1.7024643065573233,0.6357142857142858,0.6428571428571429,0.09449111825230681,0.1397276262011544,0.0,0.0,0.0,0.7142857142857143,0.14285714285714285,0.14285714285714285,0.0,0.2857142857142857,True
test,106,,,,Could the moon fit inside the Black Sea?,no,,,,,,,,,,,,,,,,,,,,,,,,,,,,0.42857142857142855,0.7142857142857143,1.2770342594621393,0.9556998911095345,0.6,0.7142857142857143,no,no,,,7.0,0.42857142857142855,0.7142857142857143,-1.3616207667525209,-2.2989403860594915,2.546531638336012,1.32031091265679,0.6142857142857142,0.6642857142857143,0.10690449676496977,0.10293317295817755,0.42857142857142855,0.14285714285714285,0.5714285714285714,1.0,0.42857142857142855,0.7142857142857143,0.42857142857142855,0.7142857142857143,True
test,107,,,,Has the creator of Futurama lived in multiple centuries?,yes,,,,,,,,,,,,,,,,,,,,,,,,,,,,0.7142857142857143,0.2857142857142857,0.796311640170813,0.41011631828640904,0.16666666666666666,0.5,no,yes,,,7.0,0.14285714285714285,0.2857142857142857,-2.684259142142566,-3.164887019515771,2.1496171234245507,1.4425991135188685,0.6642857142857143,0.6071428571428571,0.09449111825230681,0.11338934190276818,0.14285714285714285,0.0,0.42857142857142855,1.0,0.14285714285714285,0.2857142857142857,0.14285714285714285,0.0,True
test,108,,,,Is it okay to lie after taking an oath in a court of law?,no,,,,,,,,,,,,,,,,,,,,,,,,,,,,1.0,1.0,-1.000088900581841e-12,-1.000088900581841e-12,1.0,1.0,no,no,,,7.0,1.0,1.0,-3.600019727117804,-4.755563462835091,2.8292367792626387,2.3822529084397646,0.6357142857142858,0.6714285714285714,0.037796447300922714,0.12535663410560177,0.0,0.0,0.0,1.0,1.0,1.0,1.0,1.0,True
test,109,,,,Could Carl Friedrich Gauss speak to someone 100 miles away?,no,,,,,,,,,,,,,,,,,,,,,,,,,,,,0.5714285714285714,0.5714285714285714,1.351783994285646,1.0042424730510766,0.6666666666666666,0.6666666666666666,no,no,,,7.0,0.5714285714285714,0.5714285714285714,-1.6473448616773554,-3.244561876472525,2.5840392209922105,2.116417064504324,0.6571428571428571,0.6714285714285715,0.1336306209562122,0.10350983390135315,0.2857142857142857,0.2857142857142857,0.7142857142857143,1.0,0.5714285714285714,0.5714285714285714,0.42857142857142855,0.8571428571428571,True
test,110,,,,Can Family of Barack Obama ride comfortably in 2020 Jaguar F Type?,no,,,,,,,,,,,,,,,,,,,,,,,,,,,,1.0,0.7142857142857143,0.5982695885832573,0.6829081046984717,1.0,0.7142857142857143,no,no,,,7.0,1.0,0.7142857142857143,-2.3389265877333947,-3.667782919535053,2.3745383844057755,2.277622307733162,0.6714285714285715,0.692857142857143,0.05669467095138409,0.07319250547114,0.0,0.2857142857142857,0.2857142857142857,1.0,1.0,0.7142857142857143,0.5714285714285714,1.0,True
test,111,,,,Can eating grapefruit kill besides allergies or choking?,yes,,,,,,,,,,,,,,,,,,,,,,,,,,,,0.7142857142857143,0.5714285714285714,0.5982695885832573,0.5982695885832573,0.2857142857142857,0.3333333333333333,no,no,,,7.0,0.2857142857142857,0.2857142857142857,-1.2294932774010179,-3.3543128965725577,2.040526696224593,2.300610469343473,0.6357142857142858,0.6571428571428573,0.037796447300922714,0.1336306209562122,0.0,0.0,0.14285714285714285,1.0,0.2857142857142857,0.2857142857142857,1.0,0.2857142857142857,True
test,112,,,,Was  Godfrey of Bouillon an Islamaphobe?,yes,,,,,,,,,,,,,,,,,,,,,,,,,,,,0.8571428571428571,0.5714285714285714,0.41011631828640904,0.9556998911095345,0.0,0.2,no,no,,,7.0,0.0,0.14285714285714285,-2.108113425086588,-2.9400029863154993,2.2333561708843104,1.5609807691778392,0.6142857142857142,0.5928571428571429,0.09449111825230681,0.07319250547114,0.14285714285714285,0.0,0.2857142857142857,0.8571428571428571,0.0,0.14285714285714285,0.5714285714285714,0.14285714285714285,True
test,113,,,,Could Durian cause someone's stomach to feel unwell?,yes,,,,,,,,,,,,,,,,,,,,,,,,,,,,0.8571428571428571,0.42857142857142855,1.0042424730510766,1.0042424730510766,0.8571428571428571,0.5,yes,yes,,,7.0,0.8571428571428571,0.42857142857142855,-0.5413153512212191,-2.6341247557989385,3.6494351542617816,2.6504915519266428,0.6714285714285716,0.6357142857142858,0.05669467095138409,0.09449111825230681,0.0,0.42857142857142855,0.42857142857142855,1.0,0.8571428571428571,0.42857142857142855,0.5714285714285714,0.14285714285714285,True
test,114,,,,"During the pandemic, is door to door advertising considered inconsiderate?",yes,,,,,,,,,,,,,,,,,,,,,,,,,,,,0.7142857142857143,0.7142857142857143,0.41011631828640904,0.41011631828640904,0.16666666666666666,0.16666666666666666,no,no,,,7.0,0.14285714285714285,0.14285714285714285,-0.8037338256763941,-2.704654148588833,2.0992302724738576,1.8513118138151747,0.6285714285714287,0.6285714285714287,0.056694670951384085,0.056694670951384085,0.0,0.0,0.0,0.7142857142857143,0.14285714285714285,0.14285714285714285,1.0,0.14285714285714285,True
test,115,,,,Can a Sphynx cat be used for wool?,no,,,,,,,,,,,,,,,,,,,,,,,,,,,,1.0,1.0,-1.000088900581841e-12,-1.000088900581841e-12,1.0,1.0,no,no,,,7.0,1.0,1.0,-3.514993394869837,-3.131105150429106,2.807182149640802,1.7771586660118552,0.65,0.6714285714285716,0.0,0.05669467095138409,0.0,0.0,0.0,0.7142857142857143,1.0,1.0,1.0,1.0,True
test,116,,,,Is Menthol associated with Thanksgiving?,no,,,,,,,,,,,,,,,,,,,,,,,,,,,,0.7142857142857143,0.7142857142857143,1.0789922078745833,0.796311640170813,0.7142857142857143,0.2857142857142857,no,yes,,,7.0,0.7142857142857143,0.2857142857142857,-2.5548291887144075,-3.272865840291788,2.0362319975679095,1.8495814821313692,0.6714285714285715,0.692857142857143,0.05669467095138409,0.07319250547114,0.0,0.42857142857142855,0.42857142857142855,0.7142857142857143,0.7142857142857143,0.2857142857142857,0.8571428571428571,0.8571428571428571,True
test,117,,,,Can someone sell their time through the Toronto Star?,yes,,,,,,,,,,,,,,,,,,,,,,,,,,,,0.7142857142857143,0.5714285714285714,1.0042424730510766,0.6829081046984717,0.16666666666666666,0.6666666666666666,no,yes,,,7.0,0.14285714285714285,0.5714285714285714,-1.9019824436252775,-2.9804752894369164,2.6841047383392094,1.3790748286111005,0.6214285714285713,0.6928571428571428,0.12198750911856666,0.11338934190276818,0.42857142857142855,0.0,0.42857142857142855,1.0,0.14285714285714285,0.5714285714285714,0.5714285714285714,0.0,True
test,118,,,,Would John the Baptist be invited to a hypothetical cephalophore reunion in heaven?,no,,,,,,,,,,,,,,,,,,,,,,,,,,,,0.5714285714285714,0.5714285714285714,1.277034259462139,0.41011631828640904,0.5714285714285714,0.5714285714285714,no,no,,,7.0,0.5714285714285714,0.5714285714285714,-0.8056874956343527,-2.6877108982197817,1.9317434122676471,1.72316283049225,0.65,0.6357142857142858,0.05773502691896256,0.03779644730092272,0.14285714285714285,0.14285714285714285,0.2857142857142857,0.8571428571428571,0.5714285714285714,0.5714285714285714,0.0,0.8571428571428571,True
test,119,,,,Can 200 men end to end cover Great Pyramid of Giza's base?,yes,,,,,,,,,,,,,,,,,,,,,,,,,,,,0.2857142857142857,0.5714285714285714,0.796311640170813,1.351783994285646,0.3333333333333333,0.2,no,no,,,7.0,0.14285714285714285,0.14285714285714285,-2.559419904297536,-2.6413203646353276,3.0935240870866836,2.1210816411703624,0.5428571428571428,0.6714285714285715,0.1835496559257908,0.17286107827082528,0.14285714285714285,0.14285714285714285,0.8571428571428571,1.0,0.14285714285714285,0.14285714285714285,0.42857142857142855,0.42857142857142855,True
