task,recipe,prompt_strength,accuracy,format_compliance,content_target_margin,format_target_margin,content_full_entropy,prompt_tokens,content_dla_curve,format_dla_curve,delta_content_target_margin,delta_content_dla_curve
gsm8k,answer_first,0.35,0.2222222222222222,1.0,-5.027777777777778,-5.027777777777778,0.2773158566819297,89.72222222222223,"[3.335420846939087, -2.205043805970086, -3.4816881550682917, -0.9397997690571679, -0.10779114895396763, 0.4649920297993554, 0.986611353026496, 1.123045368327035, 2.5874554779794483, 1.646895494725969, 2.760785394244724, 1.3176062968042161, 1.6539099845621321, 6.477867020501031, 6.29383397102356, 7.0759336948394775, 8.240178876452976, 5.4793991512722435, 11.081318643358019, 14.597858799828423, 16.785591655307346, 16.83963966369629, 16.820759932200115, 18.607816060384113, 15.984169165293375, 15.780391534169516, 16.655142042371963, 15.887364175584581, 13.521722634633383, 13.910163720448812, 15.279569466908773, 20.21336597866482, 52.23130798339844]","[3.335420846939087, -2.205043805970086, -3.4816881550682917, -0.9397997690571679, -0.10779114895396763, 0.4649920297993554, 0.986611353026496, 1.123045368327035, 2.5874554779794483, 1.646895494725969, 2.760785394244724, 1.3176062968042161, 1.6539099845621321, 6.477867020501031, 6.29383397102356, 7.0759336948394775, 8.240178876452976, 5.4793991512722435, 11.081318643358019, 14.597858799828423, 16.785591655307346, 16.83963966369629, 16.820759932200115, 18.607816060384113, 15.984169165293375, 15.780391534169516, 16.655142042371963, 15.887364175584581, 13.521722634633383, 13.910163720448812, 15.279569466908773, 20.21336597866482, 52.23130798339844]",0.041666666666666664,"[-1.0369970798492432, -0.5198877784940932, -4.775624043411678, -3.2537131938669415, -4.945171160830392, -1.601560417148802, 0.7414382961061265, 1.0695418053203158, -0.1709259351094564, -5.1441872053676185, -5.368404865264893, -3.311972783671485, -6.471545288960139, -6.755203988817003, -3.680469353993734, -3.7115790843963623, -5.49078827434116, -3.842185656229655, -2.4731277889675565, 2.3143670823838978, 5.227792263031006, 5.60008430480957, 3.105447080400255, 4.0597549014621315, 1.6116311815049913, 1.6566446622212727, 2.3432459831237793, 2.4449177318149142, 0.8217274877760146, -0.08716811074150933, -0.34000513288709855, -0.1567024654812283, 2.5971868303087025]"
gsm8k,answer_first_xml,0.8,0.2777777777777778,0.0,-7.987847222222222,-9.71701388888889,0.0075280738270117175,117.72222222222223,"[2.4743459224700928, 0.7809522218174405, 1.0379908945825365, 2.872631695535448, 2.1936977770593433, 0.2072412735886044, -3.9999374416139393, -1.1899653408262465, 3.6189860502878823, 3.036848200692071, -0.30835076835420394, 1.0517563157611423, 3.762093014187283, 7.059800863265991, 8.745310836368137, 7.828254805670844, 7.589314301808675, 5.614456309212579, 7.376877228418986, 9.358892599741617, 9.179087267981636, 10.062153869205051, 10.354106850094265, 11.38362783855862, 11.639413303799099, 13.781084643469917, 15.843006822797987, 15.270901732974583, 13.058282057444254, 12.259315119849312, 14.478827582465279, 19.35513793097602, 51.73404524061415]","[2.6263463497161865, 4.621005958980984, 5.147722111807929, 2.681352562374539, 3.6986668639712863, 4.392838504579332, -0.10085308220651415, 0.823776427242491, 5.615115457110935, 3.1201024055480957, 1.8464395072725084, -0.2817665818664763, 3.241482761171129, 6.463149547576904, 7.47238892979092, 5.99975241555108, 9.674440754784477, 6.659749613867866, 8.394405285517374, 10.224078072441948, 15.386304431491428, 15.17219909032186, 16.604765521155464, 15.232369475894505, 21.591492546929253, 22.908684730529785, 24.755340576171875, 28.016393661499023, 21.21405029296875, 19.02899095747206, 21.337446000840927, 22.509430143568252, 51.11002900865343]",-2.9184027777777777,"[-1.8980720043182373, 2.466108249293433, -0.25594499376085067, 0.5587182707256741, -2.643682234817081, -1.859311173359553, -4.245110498534308, -1.2434689038329654, 0.860604637198978, -3.7542344994015164, -8.437541027863821, -3.577822764714559, -4.363362259334988, -6.173270146052043, -1.2289924886491563, -2.9592579735649958, -6.14165284898546, -3.70712849828932, -6.1775692039065895, -2.924599117702908, -2.378712124294705, -1.1774014896816678, -3.3612060017055936, -3.164433320363363, -2.733124679989285, -0.3426622284783257, 1.5311107635498047, 1.8284552892049153, 0.35828691058688694, -1.73801671134101, -1.1407470173305936, -1.0149305131700304, 2.099924087524414]"
gsm8k,baseline_plain,0.0,0.2222222222222222,0.05555555555555555,-5.069444444444445,-5.069444444444445,2.6812700629234314,89.72222222222223,"[4.37241792678833, -1.685156027475993, 1.2939358883433871, 2.313913424809774, 4.837380011876424, 2.0665524469481573, 0.24517305692036948, 0.053503563006718956, 2.7583814130889044, 6.791082700093587, 8.129190259509617, 4.629579080475701, 8.12545527352227, 13.233071009318033, 9.974303325017294, 10.78751277923584, 13.730967150794136, 9.3215848075019, 13.554446432325575, 12.283491717444527, 11.55779939227634, 11.239555358886719, 13.715312851799858, 14.548061158921984, 14.372537983788384, 14.123746871948242, 14.311896059248182, 13.442446443769667, 12.699995146857368, 13.997331831190321, 15.619574599795872, 20.37006844414605, 49.63412115308974]","[4.37241792678833, -1.685156027475993, 1.2939358883433871, 2.313913424809774, 4.837380011876424, 2.0665524469481573, 0.24517305692036948, 0.053503563006718956, 2.7583814130889044, 6.791082700093587, 8.129190259509617, 4.629579080475701, 8.12545527352227, 13.233071009318033, 9.974303325017294, 10.78751277923584, 13.730967150794136, 9.3215848075019, 13.554446432325575, 12.283491717444527, 11.55779939227634, 11.239555358886719, 13.715312851799858, 14.548061158921984, 14.372537983788384, 14.123746871948242, 14.311896059248182, 13.442446443769667, 12.699995146857368, 13.997331831190321, 15.619574599795872, 20.37006844414605, 49.63412115308974]",0.0,"[0.0, 0.0, 0.0, 0.0, 0.0, 0.0, 0.0, 0.0, 0.0, 0.0, 0.0, 0.0, 0.0, 0.0, 0.0, 0.0, 0.0, 0.0, 0.0, 0.0, 0.0, 0.0, 0.0, 0.0, 0.0, 0.0, 0.0, 0.0, 0.0, 0.0, 0.0, 0.0, 0.0]"
gsm8k,hash_plain,0.15,0.05555555555555555,0.8888888888888888,1.921875,1.921875,1.668400787644916,90.72222222222223,"[4.37241792678833, -1.6376298864682515, 1.4731100532743666, 2.6440766784879894, 5.0093311998579235, 2.021859963734945, 0.5438746694061491, -0.6800142460399203, 4.2723937564426, 8.458132902781168, 9.601754347483316, 5.283882723914252, 9.229337957170275, 12.716843128204346, 9.591432783338758, 11.89242278205024, 14.834536870320639, 11.134985182020399, 15.22123712963528, 15.531596183776855, 17.630651738908554, 18.951200167338055, 20.41947121090359, 21.408240212334526, 20.66702726152208, 20.722396002875435, 21.522950649261475, 20.857288466559517, 19.320973184373642, 21.82156244913737, 22.255545722113716, 26.771342277526855, 54.41284200880263]","[4.37241792678833, -1.6376298864682515, 1.4731100532743666, 2.6440766784879894, 5.0093311998579235, 2.021859963734945, 0.5438746694061491, -0.6800142460399203, 4.2723937564426, 8.458132902781168, 9.601754347483316, 5.283882723914252, 9.229337957170275, 12.716843128204346, 9.591432783338758, 11.89242278205024, 14.834536870320639, 11.134985182020399, 15.22123712963528, 15.531596183776855, 17.630651738908554, 18.951200167338055, 20.41947121090359, 21.408240212334526, 20.66702726152208, 20.722396002875435, 21.522950649261475, 20.857288466559517, 19.320973184373642, 21.82156244913737, 22.255545722113716, 26.771342277526855, 54.41284200880263]",6.991319444444445,"[0.0, 0.047526141007741295, 0.1791741649309794, 0.33016325367821586, 0.17195118798149955, -0.04469248321321276, 0.29870161248577964, -0.7335178090466393, 1.5140123433536954, 1.6670502026875813, 1.4725640879737005, 0.6543036434385512, 1.1038826836480036, -0.5162278811136881, -0.3828705416785346, 1.1049100028143988, 1.1035697195265028, 1.8134003745185003, 1.666790697309706, 3.2481044663323297, 6.0728523466322155, 7.711644808451335, 6.704158359103733, 6.860179053412543, 6.294489277733697, 6.598649130927192, 7.211054590013292, 7.414842022789849, 6.620978037516276, 7.824230617947048, 6.635971122317844, 6.401273833380805, 4.778720855712891]"
gsm8k,hash_roomy,0.25,0.2222222222222222,0.8888888888888888,0.953125,0.953125,2.355349322160085,92.72222222222223,"[4.37241792678833, -1.5793988969590929, 0.5072454379664527, 2.7146833870146008, 5.251243326399061, 2.223408752017551, 1.2397119601567586, -0.4781089342302746, 4.6654929055107965, 8.384674814012316, 8.992992242177328, 5.1756825182172985, 9.21141693327162, 13.04021962483724, 9.135185400644938, 11.38052389356825, 15.00539493560791, 10.750118732452393, 14.857166078355577, 14.961330042945015, 16.499668969048393, 17.72244797812568, 19.49886221355862, 20.64091968536377, 20.054997868008083, 20.046824137369793, 20.930105527242024, 20.305939303504097, 18.814930544959175, 21.314055177900528, 21.726638476053875, 25.93242645263672, 53.5897102355957]","[4.37241792678833, -1.5793988969590929, 0.5072454379664527, 2.7146833870146008, 5.251243326399061, 2.223408752017551, 1.2397119601567586, -0.4781089342302746, 4.6654929055107965, 8.384674814012316, 8.992992242177328, 5.1756825182172985, 9.21141693327162, 13.04021962483724, 9.135185400644938, 11.38052389356825, 15.00539493560791, 10.750118732452393, 14.857166078355577, 14.961330042945015, 16.499668969048393, 17.72244797812568, 19.49886221355862, 20.64091968536377, 20.054997868008083, 20.046824137369793, 20.930105527242024, 20.305939303504097, 18.814930544959175, 21.314055177900528, 21.726638476053875, 25.93242645263672, 53.5897102355957]",6.022569444444445,"[0.0, 0.10575713051689996, -0.7866904503769345, 0.4007699622048272, 0.41386331452263725, 0.15685630506939358, 0.9945389032363892, -0.5316124972369936, 1.907111492421892, 1.5935921139187283, 0.863801982667711, 0.5461034377415975, 1.0859616597493489, -0.19285138448079428, -0.8391179243723551, 0.593011114332411, 1.274427784813775, 1.4285339249504938, 1.3027196460300021, 2.6778383255004883, 4.941869576772054, 6.482892619238959, 5.783549361758762, 6.092858526441786, 5.6824598842197, 5.92307726542155, 6.618209467993842, 6.863492859734429, 6.114935398101807, 7.316723346710205, 6.107063876258002, 5.562358008490668, 3.955589082505968]"
gsm8k,hash_selfcheck,0.85,0.2222222222222222,0.0,-4.506944444444445,-9.68923611111111,0.588606971833441,127.72222222222223,"[2.4743459224700928, 1.1093119647767808, 2.146949893898434, 3.0597380664613514, 1.6234321660465665, 0.7626276214917501, -2.567762083477444, 0.5999056663778093, 3.235455460018582, 5.404986990822686, 4.299528572294447, 2.6532031959957547, 2.1796753803888955, 4.71236695183648, 6.306514925426907, 7.018290599187215, 6.783536248736912, 5.942606237199572, 9.668660746680366, 11.645585589938694, 12.199309719933403, 14.089649041493734, 15.593228764004177, 17.313651084899902, 17.631257481045193, 19.380717489454483, 18.99308247036404, 19.930484983656143, 19.216310924953884, 16.100037150912815, 17.634971724616157, 21.00945260789659, 48.463940938313804]","[2.6263463497161865, 4.455617507298787, 5.169605546527439, 2.162763668431176, 3.080578909979926, 5.008487224578857, 3.820473233858744, 5.028233660591973, 5.3114576074812145, 6.0553460121154785, 7.9621058040195045, 4.1133982340494795, 5.398644553290473, 8.721355703141954, 8.437681012683445, 8.767125818464491, 11.644071949852837, 6.850460608800252, 11.107698440551758, 11.695204363928902, 14.635766559176975, 13.305183039771187, 13.867735279930962, 7.600592295328776, 10.66128306918674, 11.715790377722847, 16.30074972576565, 16.579528013865154, 13.944675233629015, 12.30497047636244, 14.54922718471951, 16.26554028193156, 44.20255597432455]",0.5625,"[-1.8980720043182373, 2.7944679922527738, 0.8530140055550469, 0.7458246416515775, -3.213947845829858, -1.3039248254564073, -2.812935140397814, 0.5464021033710904, 0.4770740469296773, -1.3860957092709012, -3.8296616872151694, -1.9763758844799466, -5.945779893133375, -8.520704057481554, -3.6677883995903864, -3.7692221800486245, -6.947430902057224, -3.3789785703023276, -3.8857856856452093, -0.6379061275058322, 0.6415103276570638, 2.850093682607015, 1.8779159122043185, 2.7655899259779186, 3.2587194972568088, 5.256970617506239, 4.681186411115858, 6.488038539886475, 6.516315778096517, 2.1027053197224936, 2.0153971248202853, 0.6393841637505425, -1.1701802147759333]"
gsm8k,hash_think,0.45,0.16666666666666666,0.4444444444444444,-0.4756944444444444,-0.4756944444444444,2.779894550641378,101.72222222222223,"[4.37241792678833, -1.9587965342733595, 0.19602819946077135, 3.1166490051481457, 5.774299727545844, 3.4264462259080677, 2.2440638608402677, 0.3476894001166026, 5.567756679322985, 7.9649463759528265, 9.153836727142334, 6.734883202446832, 11.511142518785265, 12.413427299923367, 8.540166881349352, 10.340031305948893, 14.107672055562338, 9.633559544881185, 13.840035968356663, 14.865938928392199, 14.65281014972263, 14.684242990281847, 17.70352268218994, 18.278740035163032, 17.764920976426865, 17.363649527231853, 18.15922408633762, 17.286069340176052, 16.255974186791313, 18.030982388390434, 20.189761903550888, 24.70755163828532, 52.898477978176544]","[4.37241792678833, -1.9587965342733595, 0.19602819946077135, 3.1166490051481457, 5.774299727545844, 3.4264462259080677, 2.2440638608402677, 0.3476894001166026, 5.567756679322985, 7.9649463759528265, 9.153836727142334, 6.734883202446832, 11.511142518785265, 12.413427299923367, 8.540166881349352, 10.340031305948893, 14.107672055562338, 9.633559544881185, 13.840035968356663, 14.865938928392199, 14.65281014972263, 14.684242990281847, 17.70352268218994, 18.278740035163032, 17.764920976426865, 17.363649527231853, 18.15922408633762, 17.286069340176052, 16.255974186791313, 18.030982388390434, 20.189761903550888, 24.70755163828532, 52.898477978176544]",4.59375,"[0.0, -0.2736405067973667, -1.0979076888826158, 0.8027355803383721, 0.93691971566942, 1.3598937789599101, 1.998890803919898, 0.2941858371098836, 2.80937526623408, 1.1738636758592393, 1.0246464676327176, 2.1053041219711304, 3.385687245262994, -0.8196437093946669, -1.4341364436679416, -0.4474814732869466, 0.37670490476820206, 0.31197473737928605, 0.2855895360310872, 2.5824472109476724, 3.095010757446289, 3.4446876313951282, 3.9882098303900824, 3.7306788762410483, 3.392382992638482, 3.23990265528361, 3.847328027089437, 3.8436228964063854, 3.5559790399339466, 4.033650557200114, 4.570187303755018, 4.337483194139269, 3.2643568250868054]"
gsm8k,hash_xml_think,0.7,0.16666666666666666,0.0,-5.75,-10.213541666666666,0.11257670033309194,117.72222222222223,"[2.4743459224700928, 1.0708673728836908, 1.9479525950219896, 3.2044433885150485, 2.272627148363325, 1.8529886073536344, -0.2572399179140727, 1.0805767079194386, 3.199573689036899, 3.258240885204739, 2.839200324482388, 2.840976463423835, 2.2813975943459406, 4.730532275305854, 5.343004332648383, 5.573090579774645, 5.718632671568129, 4.426257517602709, 9.314149803585476, 12.545765188005236, 13.415548907385933, 14.042988194359673, 16.308091587490505, 18.436694675021702, 17.23193014992608, 18.851118087768555, 18.236634996202255, 19.56686517927382, 18.850831455654568, 17.811464415656197, 19.310744921366375, 21.1044094297621, 49.70582962036133]","[2.6263463497161865, 4.611322482426961, 5.360337336858113, 2.1989360782835217, 3.1781607468922934, 4.288578973876105, 4.052394496070014, 5.11627393298679, 4.716590828365749, 4.948680374357435, 6.531602250205146, 4.975847509172228, 5.718465010325114, 8.740169498655531, 8.843834453158909, 8.208978282080757, 11.195031960805258, 6.1912976370917425, 11.104862795935738, 12.368612978193495, 16.953101370069717, 15.241809315151638, 15.095057858361137, 9.680048995547825, 13.16053024927775, 14.549261728922525, 17.677750905354817, 17.84153683980306, 15.352830621931288, 14.546371512942844, 15.906193256378174, 17.932206789652508, 46.074572033352325]",-0.6805555555555556,"[-1.8980720043182373, 2.7560234003596835, 0.6540167066786025, 0.8905299637052748, -2.5647528635130987, -0.2135638395945231, -0.5024129748344421, 1.0270731449127197, 0.44119227594799465, -3.5328418148888483, -5.289989935027228, -1.7886026170518663, -5.844057679176331, -8.50253873401218, -4.63129899236891, -5.214422199461195, -8.012334479226006, -4.89532728989919, -4.240296628740099, 0.26227347056070965, 1.857749515109592, 2.8034328354729547, 2.5927787356906467, 3.888633516099718, 2.8593921661376953, 4.7273712158203125, 3.9247389369540744, 6.12441873550415, 6.1508363087972, 3.8141325844658747, 3.6911703215705023, 0.7343409856160482, 0.07170846727159289]"
gsm8k,verbose_xml,1.0,0.1111111111111111,0.0,-4.501736111111111,-8.659722222222221,0.21158620715141296,118.72222222222223,"[2.4743459224700928, 1.1260493795077007, 2.021111163828108, 2.9879474904802112, 2.2062508397632175, 1.8247552381621466, -0.46781034933196175, 1.0984996789031558, 3.4834140406714544, 4.294474323590596, 3.1986993551254272, 2.960792620976766, 1.6927106413576338, 4.6433325741026135, 6.444892274008857, 6.4933247566223145, 6.536031193203396, 5.900870296690199, 11.108672936757406, 14.446568701002333, 15.926574971940783, 16.182708316379124, 17.431106037563747, 19.085935592651367, 17.696610980563694, 18.973283555772568, 18.356490665011936, 19.765768475002712, 19.255839665730793, 20.456839349534775, 20.697668181525337, 22.490706231858994, 51.058478673299156]","[2.6263463497161865, 4.684058533774482, 5.531409952375624, 2.3887771368026733, 3.2341628074645996, 4.31049398581187, 3.9875785774654813, 4.894234379132588, 4.576430956522624, 4.917842626571655, 6.696135918299357, 5.165130429797703, 5.679437584347195, 8.617093245188395, 9.766753885481092, 9.42889796362983, 11.701166205936008, 6.869188017315334, 11.774374590979683, 12.917627122667101, 17.990297423468697, 16.359093560112846, 15.586457358466255, 10.355148633321127, 14.808525085449219, 16.935028923882378, 20.32323455810547, 20.74378204345703, 16.859560383690727, 16.050581720140244, 17.081778208414715, 18.927281909518772, 47.740203857421875]",0.5677083333333334,"[-1.8980720043182373, 2.8112054069836936, 0.7271752754847208, 0.6740340656704373, -2.631129172113207, -0.24179720878601074, -0.7129834062523313, 1.044996115896437, 0.72503262758255, -2.4966083765029907, -4.93049090438419, -1.6687864594989352, -6.4327446321646375, -8.58973843521542, -3.529411051008436, -4.294188022613525, -7.194935957590739, -3.4207145108117, -2.4457734955681696, 2.163076983557807, 4.368775579664442, 4.943152957492405, 3.715793185763889, 4.5378744337293835, 3.324072996775309, 4.8495366838243275, 4.044594605763753, 6.323322031233046, 6.5558445188734265, 6.459507518344456, 5.0780935817294655, 2.120637787712945, 1.4243575202094183]"
mmlu,answer_first,0.35,0.16666666666666666,0.0,-9.484375,-9.484375,0.11528746659557025,92.83333333333333,"[5.800117572148641, 0.5245835582415262, 1.6002729535102844, 2.6854236920674643, 1.6274276475111644, 1.553959955771764, 0.10906442006429036, -0.1589962641398112, -0.5259509086608887, 1.1793846885363262, 2.852089603741964, 1.7307562828063965, 3.0741071303685508, 4.038364181915919, 4.8109346230824785, 3.310779571533203, 3.459031328558922, 2.0845346053441367, 4.128036379814148, 5.412739793459575, 6.248881618181865, 6.037569920221965, 7.774562120437622, 6.159385959307353, 7.870979468027751, 8.157779693603516, 8.711840311686197, 8.058019717534384, 7.505087773005168, 7.219458023707072, 9.569579283396402, 15.04361661275228, 47.84277598063151]","[5.800117572148641, 0.5245835582415262, 1.6002729535102844, 2.6854236920674643, 1.6274276475111644, 1.553959955771764, 0.10906442006429036, -0.1589962641398112, -0.5259509086608887, 1.1793846885363262, 2.852089603741964, 1.7307562828063965, 3.0741071303685508, 4.038364181915919, 4.8109346230824785, 3.310779571533203, 3.459031328558922, 2.0845346053441367, 4.128036379814148, 5.412739793459575, 6.248881618181865, 6.037569920221965, 7.774562120437622, 6.159385959307353, 7.870979468027751, 8.157779693603516, 8.711840311686197, 8.058019717534384, 7.505087773005168, 7.219458023707072, 9.569579283396402, 15.04361661275228, 47.84277598063151]",-7.328125,"[3.9177872935930886, 0.9541076521078745, -0.10267533858617146, -0.7352917293707529, -0.8170666793982188, -0.3317832450071971, -2.104302853345871, -1.5956298510233562, -2.1104051570097604, -3.522176524003347, -3.5221577882766724, -2.7636777559916177, -2.2622177998224893, -2.5206227600574493, -2.2834386030832925, -2.773197889328003, -4.263665929436684, -5.8020639816919966, -6.3573161363601685, -5.5422598123550415, -6.8818280299504595, -5.074676752090454, -6.628913640975952, -9.883201320966085, -7.925689061482747, -6.753085136413574, -9.187791506449381, -11.678553819656372, -10.819865465164185, -11.787400484085083, -8.90664800008138, -7.078413327534993, -3.1146113077799478]"
mmlu,answer_first_xml,0.8,0.16666666666666666,0.0,-12.78125,-8.338541666666666,0.023646474195023377,134.83333333333334,"[1.2998437881469727, 1.450995773077011, 2.2590184211730957, 3.5586151281992593, 2.3750078876813254, 1.0906374255816143, -1.6446599165598552, 0.29331448674201965, 2.1967832843462625, -0.05173469086488088, 0.2509472966194153, 0.5122742056846619, 3.1545096039772034, 3.813383638858795, 3.2991979122161865, 2.595595528682073, 2.301744927962621, 2.2527650396029153, 3.393842230240504, 4.665761629740397, 4.959252834320068, 4.9718401829401655, 4.488074103991191, 6.1818952560424805, 6.509905894597371, 6.210215608278911, 6.602580865224202, 5.616674065589905, 4.371228714783986, 5.130643367767334, 7.052549044291179, 12.753861586252848, 46.56515884399414]","[2.6263463497161865, 4.365327596664429, 4.544720967610677, 1.595696210861206, 2.9787302811940513, 4.045652866363525, -0.6307808558146158, 1.6267914374669392, 6.689325491587321, 4.405587355295817, 3.5197315216064453, 2.164536952972412, 4.7709141572316485, 6.823377291361491, 6.907391389211019, 6.459270477294922, 9.808327356974283, 7.50886599222819, 9.807315031687418, 11.004585107167562, 14.502432187398275, 14.374769369761148, 15.739095211029053, 14.998107751210531, 17.2344175974528, 18.182449340820312, 20.586824417114258, 23.349997838338215, 19.9811274210612, 18.929575602213543, 19.73547871907552, 22.72990067799886, 51.46195856730143]",-10.625,"[-0.5824864904085795, 1.8805198669433594, 0.5560701290766398, 0.13789970676104227, -0.06948643922805786, -0.795105775197347, -3.8580271899700165, -1.1433191001415253, 0.6123290359973907, -4.753295903404553, -6.1233000953992205, -3.9821598331133523, -2.1818153262138367, -2.745603303114573, -3.795175313949585, -3.488381932179133, -5.420952330032985, -5.633833547433217, -7.091510285933812, -6.289237976074219, -8.171456813812256, -6.140406489372253, -9.915401657422384, -9.860692024230957, -9.286762634913126, -8.70064922173818, -11.297050952911377, -14.119899471600851, -13.953724523385366, -13.87621514002482, -11.423678239186605, -9.368168354034424, -4.392228444417317]"
mmlu,baseline_plain,0.0,0.16666666666666666,0.0,-2.15625,-2.15625,3.045753518740336,92.83333333333333,"[1.8823302785555522, -0.42952409386634827, 1.7029482920964558, 3.420715421438217, 2.4444943269093833, 1.8857432007789612, 2.2133672734101615, 1.436633586883545, 1.584454248348872, 4.701561212539673, 6.374247392018636, 4.494434038798015, 5.33632493019104, 6.558986941973369, 7.0943732261657715, 6.083977460861206, 7.7226972579956055, 7.886598587036133, 10.485352516174316, 10.954999605814615, 13.130709648132324, 11.112246672312418, 14.403475761413574, 16.042587280273438, 15.796668529510498, 14.91086483001709, 17.89963181813558, 19.736573537190754, 18.324953238169353, 19.006858507792156, 18.476227283477783, 22.122029940287273, 50.95738728841146]","[1.8823302785555522, -0.42952409386634827, 1.7029482920964558, 3.420715421438217, 2.4444943269093833, 1.8857432007789612, 2.2133672734101615, 1.436633586883545, 1.584454248348872, 4.701561212539673, 6.374247392018636, 4.494434038798015, 5.33632493019104, 6.558986941973369, 7.0943732261657715, 6.083977460861206, 7.7226972579956055, 7.886598587036133, 10.485352516174316, 10.954999605814615, 13.130709648132324, 11.112246672312418, 14.403475761413574, 16.042587280273438, 15.796668529510498, 14.91086483001709, 17.89963181813558, 19.736573537190754, 18.324953238169353, 19.006858507792156, 18.476227283477783, 22.122029940287273, 50.95738728841146]",0.0,"[0.0, 0.0, 0.0, 0.0, 0.0, 0.0, 0.0, 0.0, 0.0, 0.0, 0.0, 0.0, 0.0, 0.0, 0.0, 0.0, 0.0, 0.0, 0.0, 0.0, 0.0, 0.0, 0.0, 0.0, 0.0, 0.0, 0.0, 0.0, 0.0, 0.0, 0.0, 0.0, 0.0]"
mmlu,hash_plain,0.15,0.16666666666666666,0.16666666666666666,-1.5260416666666667,-1.5260416666666667,2.1980183124542236,93.83333333333333,"[1.8823302785555522, -0.42935312787691754, 1.700061559677124, 3.331765979528427, 2.6344743172327676, 2.1144904047250748, 2.5474623839060464, 2.8344032963116965, 2.634496033191681, 7.060450275739034, 7.2200760046641035, 5.424857536951701, 7.376780430475871, 7.720634937286377, 7.802012046178182, 8.62377659479777, 10.006373961766561, 7.493135293324788, 10.84009869893392, 9.888044913609823, 12.224279959996542, 12.928726196289062, 17.03558079401652, 18.950395743052166, 18.347050348917644, 17.7333246866862, 22.264729181925457, 24.651237805684406, 21.843140602111816, 20.885149002075195, 20.13597011566162, 22.218719800313313, 52.03243509928385]","[1.8823302785555522, -0.42935312787691754, 1.700061559677124, 3.331765979528427, 2.6344743172327676, 2.1144904047250748, 2.5474623839060464, 2.8344032963116965, 2.634496033191681, 7.060450275739034, 7.2200760046641035, 5.424857536951701, 7.376780430475871, 7.720634937286377, 7.802012046178182, 8.62377659479777, 10.006373961766561, 7.493135293324788, 10.84009869893392, 9.888044913609823, 12.224279959996542, 12.928726196289062, 17.03558079401652, 18.950395743052166, 18.347050348917644, 17.7333246866862, 22.264729181925457, 24.651237805684406, 21.843140602111816, 20.885149002075195, 20.13597011566162, 22.218719800313313, 52.03243509928385]",0.6302083333333334,"[0.0, 0.00017096598943074545, -0.0028867324193318686, -0.08894944190979004, 0.1899799903233846, 0.2287472039461136, 0.3340951104958852, 1.3977697094281514, 1.050041784842809, 2.3588890631993613, 0.8458286126454672, 0.9304234981536865, 2.0404555002848306, 1.1616479953130086, 0.7076388200124105, 2.539799133936564, 2.2836767037709556, -0.3934632937113444, 0.35474618275960285, -1.0669546922047932, -0.9064296881357828, 1.8164795239766438, 2.632105032602946, 2.907808462778727, 2.550381819407145, 2.822459856669108, 4.365097363789876, 4.914664268493652, 3.5181873639424643, 1.8782904942830403, 1.659742832183838, 0.09668986002604167, 1.0750478108723958]"
mmlu,hash_roomy,0.25,0.3333333333333333,0.16666666666666666,-1.3489583333333333,-1.3489583333333333,2.4894375006357827,95.83333333333333,"[1.8823302785555522, -0.30884815255800885, 1.8512252569198608, 3.3738089005152383, 2.6221938331921897, 2.0441472431023917, 2.265345553557078, 2.587804158528646, 2.48799995581309, 6.445337812105815, 6.772030353546143, 5.003711064656575, 6.7441933155059814, 7.569292386372884, 7.595874786376953, 8.43373998006185, 10.451357205708822, 8.077903469403585, 11.596652825673422, 10.32840347290039, 12.703728199005127, 13.33372163772583, 17.916122436523438, 19.97499354680379, 19.26843770345052, 18.836832682291668, 23.210355758666992, 26.05862331390381, 22.345099449157715, 21.27201970418294, 20.36058807373047, 22.432886759440105, 51.906860987345375]","[1.8823302785555522, -0.30884815255800885, 1.8512252569198608, 3.3738089005152383, 2.6221938331921897, 2.0441472431023917, 2.265345553557078, 2.587804158528646, 2.48799995581309, 6.445337812105815, 6.772030353546143, 5.003711064656575, 6.7441933155059814, 7.569292386372884, 7.595874786376953, 8.43373998006185, 10.451357205708822, 8.077903469403585, 11.596652825673422, 10.32840347290039, 12.703728199005127, 13.33372163772583, 17.916122436523438, 19.97499354680379, 19.26843770345052, 18.836832682291668, 23.210355758666992, 26.05862331390381, 22.345099449157715, 21.27201970418294, 20.36058807373047, 22.432886759440105, 51.906860987345375]",0.8072916666666666,"[0.0, 0.12067594130833943, 0.14827696482340494, -0.04690652092297872, 0.1776995062828064, 0.1584040423234304, 0.05197828014691671, 1.1511705716451008, 0.9035457074642181, 1.7437765995661418, 0.39778296152750653, 0.5092770258585612, 1.4078683853149414, 1.0103054443995159, 0.5015015602111816, 2.349762519200643, 2.7286599477132163, 0.191304882367452, 1.1113003094991047, -0.6265961329142252, -0.42698144912719727, 2.2214749654134116, 3.5126466751098633, 3.932406266530355, 3.471769173940023, 3.9259678522745767, 5.310723940531413, 6.322049776713054, 4.020146210988362, 2.2651611963907876, 1.8843607902526855, 0.31085681915283203, 0.9494736989339193]"
mmlu,hash_selfcheck,0.85,0.3333333333333333,0.0,-8.0625,-7.026041666666667,1.0249040325482686,147.83333333333334,"[1.2998437881469727, 1.383640468120575, 2.7159246504306793, 3.377376834551493, 2.025759518146515, 1.4528249700864155, 1.5921010474363964, 1.8506337404251099, 2.16068368156751, 2.0289078652858734, 1.3290115396181743, -0.6264650026957194, 0.07521190245946248, -0.018550634384155273, 1.0993993977705638, 1.3510162035624187, 1.0161778728167217, 1.4502242803573608, 2.383344054222107, 2.8067834178606668, 2.522328774134318, 2.06617800394694, 2.7975432872772217, 1.9695457617441814, 3.3057867288589478, 4.892755111058553, 4.992478052775065, 4.570398688316345, 3.1136138439178467, 3.5489885210990906, 5.9908924500147505, 11.652743021647135, 44.948412577311196]","[2.6263463497161865, 4.386662880579631, 4.494534810384114, 0.5983349780241648, 1.4940591057141621, 3.5563697020212808, 3.0396194060643515, 5.22382911046346, 6.266602198282878, 7.883654594421387, 6.143057346343994, 3.2018100023269653, 4.02446726957957, 8.31910785039266, 8.935146967569986, 8.650423685709635, 11.79368003209432, 9.418221791585287, 13.560942649841309, 13.311857541402182, 17.179787317911785, 16.522337277730305, 17.523345947265625, 12.004335403442383, 14.064860661824545, 16.582575798034668, 19.924048105875652, 20.670199076334637, 16.57201925913493, 16.326766808827717, 16.22251542409261, 18.536954561869305, 46.17301114400228]",-5.90625,"[-0.5824864904085795, 1.8131645619869232, 1.0129763583342235, -0.04333858688672384, -0.4187348087628682, -0.4329182306925456, -0.621266225973765, 0.41400015354156494, 0.5762294332186381, -2.6726533472537994, -5.045235852400462, -5.120899041493733, -5.261113027731578, -6.577537576357524, -5.994973828395207, -4.732961257298787, -6.706519385178884, -6.436374306678772, -8.10200846195221, -8.148216187953949, -10.608380873998007, -9.046068668365479, -11.605932474136353, -14.073041518529257, -12.49088180065155, -10.018109718958536, -12.907153765360514, -15.16617484887441, -15.211339394251505, -15.457869986693064, -12.485334833463034, -10.469286918640137, -6.008974711100261]"
mmlu,hash_think,0.45,0.3333333333333333,0.16666666666666666,-0.8020833333333334,-0.8020833333333334,2.167317569255829,110.83333333333333,"[1.8823302785555522, -0.2900492350260417, 1.6227049628893535, 2.647445559501648, 1.9688758850097656, 2.528469810883204, 2.0533237059911094, 2.908091942469279, 3.3643866181373596, 6.426275730133057, 6.342400948206584, 5.592315912246704, 8.57900301615397, 10.966403007507324, 8.997036933898926, 9.900027910868326, 11.363665501276651, 9.469393809636435, 13.791340668996176, 12.2018829981486, 14.318086783091227, 14.470915158589682, 20.326670328776043, 23.57779884338379, 22.413809458414715, 22.60097599029541, 27.288431485493977, 30.724578857421875, 24.965046882629395, 24.209736824035645, 23.545072555541992, 25.693603833516438, 54.049726486206055]","[1.8823302785555522, -0.2900492350260417, 1.6227049628893535, 2.647445559501648, 1.9688758850097656, 2.528469810883204, 2.0533237059911094, 2.908091942469279, 3.3643866181373596, 6.426275730133057, 6.342400948206584, 5.592315912246704, 8.57900301615397, 10.966403007507324, 8.997036933898926, 9.900027910868326, 11.363665501276651, 9.469393809636435, 13.791340668996176, 12.2018829981486, 14.318086783091227, 14.470915158589682, 20.326670328776043, 23.57779884338379, 22.413809458414715, 22.60097599029541, 27.288431485493977, 30.724578857421875, 24.965046882629395, 24.209736824035645, 23.545072555541992, 25.693603833516438, 54.049726486206055]",1.3541666666666667,"[0.0, 0.1394748588403066, -0.08024332920710246, -0.7732698619365692, -0.4756184418996175, 0.6427266101042429, -0.16004356741905212, 1.4714583555857341, 1.7799323697884877, 1.7247145175933838, -0.03184644381205241, 1.0978818734486897, 3.242678085962931, 4.407416065533956, 1.9026637077331543, 3.8160504500071206, 3.6409682432810464, 1.582795222600301, 3.305988152821859, 1.2468833923339844, 1.187377134958903, 3.358668486277262, 5.923194567362468, 7.535211563110352, 6.617140928904216, 7.69011116027832, 9.388799667358398, 10.98800532023112, 6.640093644460042, 5.202878316243489, 5.068845272064209, 3.5715738932291665, 3.092339197794596]"
mmlu,hash_xml_think,0.7,0.3333333333333333,0.0,-9.4375,-6.484375,0.4251614833871524,134.83333333333334,"[1.2998437881469727, 1.4323288003603618, 2.750271419684092, 3.387786348660787, 2.1253738502661386, 1.5585842529932659, 1.9376146793365479, 1.8195159832636516, 1.1042731006940205, 1.104572316010793, 1.623886873324712, 1.2892443140347798, 1.4861892660458882, 1.2811143000920613, 2.7199804385503135, 2.5481664141019187, 2.5435359279314675, 1.8760923345883687, 3.4748938282330832, 3.490916053454081, 3.1867069602012634, 3.208546797434489, 3.273153384526571, 3.1641467909018197, 3.6247478127479553, 4.38483265042305, 4.630754709243774, 4.213991761207581, 3.344541311264038, 3.735003928343455, 7.071005662282308, 12.664818922678629, 46.11319923400879]","[2.6263463497161865, 4.512359221776326, 4.602061112721761, 0.5037448406219482, 1.447355329990387, 3.1361783345540366, 3.239790916442871, 5.857035716374715, 5.931560595830281, 6.146799723307292, 3.5535484552383423, 2.526864012082418, 3.43945582707723, 7.857624928156535, 8.739181598027548, 8.025084892908732, 10.96480941772461, 9.0260751247406, 13.497228781382242, 13.598587195078531, 17.68507130940755, 16.45142062505086, 17.35391076405843, 11.866664250691732, 15.091241677602133, 18.22718048095703, 21.63161023457845, 21.82529894510905, 18.698898951212566, 17.894836743672688, 18.35851987202962, 22.031749089558918, 49.25938860575358]",-7.28125,"[-0.5824864904085795, 1.86185289422671, 1.0473231275876362, -0.032929072777430214, -0.31912047664324444, -0.3271589477856954, -0.27575259407361347, 0.3828823963801066, -0.48018114765485126, -3.5969888965288797, -4.750360518693924, -3.2051897247632346, -3.8501356641451516, -5.277872641881307, -4.3743927876154585, -3.5358110467592874, -5.1791613300641375, -6.010506252447764, -7.010458687941234, -7.464083552360535, -9.94400268793106, -7.90369987487793, -11.130322376887003, -12.878440489371618, -12.171920716762543, -10.52603217959404, -13.268877108891806, -15.522581775983175, -14.980411926905314, -15.2718545794487, -11.405221621195475, -9.457211017608643, -4.844188054402669]"
mmlu,verbose_xml,1.0,0.3333333333333333,0.0,-8.963541666666666,-6.010416666666667,0.4746370241045952,135.83333333333334,"[1.2998437881469727, 1.450619767109553, 2.6995031237602234, 3.336103836695353, 2.244267374277115, 1.6620422800381978, 2.032282749811808, 2.049149433771769, 1.205832342306773, 1.4567633668581645, 2.023919622103373, 1.7008436918258667, 2.3167419036229453, 2.4962634841601052, 3.543638199567795, 3.7085101207097373, 3.1958708465099335, 2.5322909355163574, 3.5487573742866516, 4.319353302319844, 3.9649820725123086, 4.030824472506841, 3.9155094027519226, 3.955958684285482, 4.747366547584534, 5.394927342732747, 5.29166042804718, 4.834066073099772, 3.65316379070282, 4.135404149691264, 7.30434250831604, 12.4898575146993, 46.541388193766274]","[2.6263463497161865, 4.473515113194783, 4.663830518722534, 0.580365796883901, 1.6567654609680176, 3.5524247884750366, 3.5289964278539023, 5.7364621957143145, 5.883917172749837, 6.017010847727458, 3.1885791619618735, 2.257308065891266, 3.746673862139384, 8.005008220672607, 8.94312318166097, 8.35563842455546, 11.588074843088785, 9.340192953745523, 13.817267894744873, 13.927878379821777, 17.794467608133953, 16.59072462717692, 17.54920768737793, 11.996901512145996, 15.063084920247396, 18.290291786193848, 20.757749875386555, 21.179486592610676, 17.789589564005535, 16.81208864847819, 17.52236207326253, 20.859604835510254, 49.64849599202474]",-6.807291666666667,"[-0.5824864904085795, 1.8801438609759014, 0.9965548316637675, -0.08461158474286397, -0.20022695263226828, -0.22370092074076334, -0.18108452359835306, 0.6125158468882242, -0.378621906042099, -3.2447978456815085, -4.350327769915263, -2.7935903469721475, -3.0195830265680947, -4.062723457813263, -3.5507350265979767, -2.3754673401514688, -4.526826411485672, -5.354307651519775, -6.936595141887665, -6.635646303494771, -9.165727575620016, -7.081422199805577, -10.487966358661652, -12.086628595987955, -11.049301981925964, -9.515937487284342, -12.6079713900884, -14.902507464090982, -14.671789447466532, -14.871454358100891, -11.171884775161743, -9.632172425587973, -4.415999094645183]"
strategyqa,answer_first,0.35,0.3333333333333333,0.0,-12.526041666666666,-12.526041666666666,0.23767002382212216,30.38888888888889,"[4.563942882749769, 2.7895931800206504, 2.4381777776612177, 2.469144326117304, 1.5299534963236914, 1.5975176493326824, 1.5332054562038846, 1.4762500723203023, 5.027376201417711, 4.5078149106767444, 3.2149474951956005, 0.8651794791221619, 2.681733717521032, 5.509574406676823, 5.363620903756884, 7.353472736146715, 9.418731715944078, 8.807350688510471, 10.191277556949192, 10.190097173055014, 12.237492190466988, 9.847539610332912, 11.996059868070814, 13.834757486979166, 14.876034471723768, 15.634800487094456, 12.611836592356363, 11.090526713265312, 14.19348594877455, 15.573963483174643, 13.336402946048313, 14.937036832173666, 44.108514149983726]","[4.563942882749769, 2.7895931800206504, 2.4381777776612177, 2.469144326117304, 1.5299534963236914, 1.5975176493326824, 1.5332054562038846, 1.4762500723203023, 5.027376201417711, 4.5078149106767444, 3.2149474951956005, 0.8651794791221619, 2.681733717521032, 5.509574406676823, 5.363620903756884, 7.353472736146715, 9.418731715944078, 8.807350688510471, 10.191277556949192, 10.190097173055014, 12.237492190466988, 9.847539610332912, 11.996059868070814, 13.834757486979166, 14.876034471723768, 15.634800487094456, 12.611836592356363, 11.090526713265312, 14.19348594877455, 15.573963483174643, 13.336402946048313, 14.937036832173666, 44.108514149983726]",-7.609375,"[-1.2742147313223944, 1.111600714425246, -1.6959898935423956, -1.8870390703280766, -2.6354415251149073, -3.0190045171313815, -3.3132903310987682, -5.3905244204733105, -1.4716831644376118, -3.4844246092769833, -5.283008578750822, -3.430411239465078, -1.972095141808192, -2.087278279993269, -1.7583795256084866, -0.07389937506781684, -3.0214540428585477, 0.6469273302290175, -2.3122949600219727, -4.121659517288208, -4.27258547147115, -6.252282328075832, -15.26891917652554, -17.223374154832626, -15.931784470876059, -15.469255659315321, -16.873843669891357, -16.47593050532871, -10.87696631749471, -11.448170132107204, -13.404034985436333, -8.497941970825195, -5.92241096496582]"
strategyqa,answer_first_xml,0.8,0.1111111111111111,0.0,-18.12847222222222,-9.307291666666666,0.01758241058430738,61.388888888888886,"[6.548668755425347, 5.0548864470587835, 7.062038620313008, 3.6990848647223578, 3.2410506274965076, 4.367851946089003, 3.1593114733695984, 1.8790020876460605, 1.4622071186701457, 0.11539838380283779, 1.68061340186331, 2.2500461174382105, 3.0398621989621057, 5.412274771266514, 2.4265346460872226, 0.42489220367537606, 1.6453574895858765, 1.139075795809428, 1.862625800900989, 2.472132510609097, 4.278644601504008, 4.944041914410061, 3.3392060730192394, 3.7418739398320517, 5.174181421597798, 6.754552046457927, 5.702459176381429, 4.068981998496586, 5.848827256096734, 6.965852247344123, 7.859805372026232, 10.667526324590048, 41.886209911770294]","[2.6263463497161865, 4.6673141585456, 5.143799834781223, 2.9964762263827853, 4.530958864423964, 4.217689686351353, -0.0073550740877787275, 1.9145077798101637, 6.998502678341335, 4.47275616063012, 3.4523857964409723, 1.9741721153259277, 4.075963232252333, 8.080213599734837, 7.876906845304701, 5.902829302681817, 8.117766380310059, 6.597476429409451, 8.61077610651652, 10.405712021721733, 13.44342459572686, 15.094007915920681, 16.445842425028484, 14.659445338779026, 18.41823461320665, 19.566035588582356, 20.67305808597141, 24.375303904215496, 19.2002780702379, 18.621462398105198, 18.562326537238228, 21.295436329311794, 50.77640300326877]",-13.211805555555555,"[0.7105111413531833, 3.3768939814633794, 2.9278709491093955, -0.6570985317230225, -0.9243443939420912, -0.24867022037506104, -1.6871843139330547, -4.9877724051475525, -5.036852247185177, -7.87684113615089, -6.817342672083113, -2.0455446011490293, -1.613966660367118, -2.184577915403578, -4.695465783278148, -7.002479907539156, -10.79482826921675, -7.021347562472026, -10.640946716070175, -11.839624179734123, -12.23143306043413, -11.155780023998684, -23.925772971577114, -27.316257701979744, -25.63363752100203, -24.34950409995185, -23.78322108586629, -23.497475220097435, -19.221625010172527, -20.056281367937725, -18.880632559458416, -12.767452478408813, -8.144715203179253]"
strategyqa,baseline_plain,0.0,0.5,0.0,-4.916666666666667,-4.916666666666667,1.252137604686949,30.38888888888889,"[5.838157614072164, 1.6779924655954044, 4.134167671203613, 4.35618339644538, 4.165395021438599, 4.616522166464064, 4.846495787302653, 6.866774492793613, 6.499059365855323, 7.992239519953728, 8.497956073946423, 4.295590718587239, 4.653828859329224, 7.596852686670092, 7.12200042936537, 7.427372111214532, 12.440185758802626, 8.160423358281454, 12.503572516971165, 14.311756690343222, 16.510077661938137, 16.099821938408745, 27.264979044596355, 31.058131641811794, 30.807818942599827, 31.104056146409775, 29.485680262247723, 27.56645721859402, 25.07045226626926, 27.022133615281845, 26.740437931484646, 23.43497880299886, 50.03092511494955]","[5.838157614072164, 1.6779924655954044, 4.134167671203613, 4.35618339644538, 4.165395021438599, 4.616522166464064, 4.846495787302653, 6.866774492793613, 6.499059365855323, 7.992239519953728, 8.497956073946423, 4.295590718587239, 4.653828859329224, 7.596852686670092, 7.12200042936537, 7.427372111214532, 12.440185758802626, 8.160423358281454, 12.503572516971165, 14.311756690343222, 16.510077661938137, 16.099821938408745, 27.264979044596355, 31.058131641811794, 30.807818942599827, 31.104056146409775, 29.485680262247723, 27.56645721859402, 25.07045226626926, 27.022133615281845, 26.740437931484646, 23.43497880299886, 50.03092511494955]",0.0,"[0.0, 0.0, 0.0, 0.0, 0.0, 0.0, 0.0, 0.0, 0.0, 0.0, 0.0, 0.0, 0.0, 0.0, 0.0, 0.0, 0.0, 0.0, 0.0, 0.0, 0.0, 0.0, 0.0, 0.0, 0.0, 0.0, 0.0, 0.0, 0.0, 0.0, 0.0, 0.0, 0.0]"
strategyqa,hash_plain,0.15,0.4444444444444444,0.0,-4.315972222222222,-4.315972222222222,1.203741924630271,31.38888888888889,"[5.838157614072164, 1.597518190741539, 3.572496645980411, 4.2928323480818005, 4.200899177127415, 4.155846781200832, 2.535412629445394, 5.465245366096497, 6.210998601383633, 9.692762957678902, 9.739671283298069, 7.752921607759264, 9.02377920680576, 10.230097638236153, 8.780908253457811, 10.551862133873833, 16.208362579345703, 13.279687775505913, 18.665679666731094, 20.39421484205458, 21.947996033562553, 20.158624172210693, 33.49789465798272, 34.258728133307564, 34.25498019324409, 34.168383068508575, 32.54499414232042, 31.63731288909912, 28.175932778252495, 29.41530376010471, 29.093633545769585, 25.351856655544704, 50.86785337660048]","[5.838157614072164, 1.597518190741539, 3.572496645980411, 4.2928323480818005, 4.200899177127415, 4.155846781200832, 2.535412629445394, 5.465245366096497, 6.210998601383633, 9.692762957678902, 9.739671283298069, 7.752921607759264, 9.02377920680576, 10.230097638236153, 8.780908253457811, 10.551862133873833, 16.208362579345703, 13.279687775505913, 18.665679666731094, 20.39421484205458, 21.947996033562553, 20.158624172210693, 33.49789465798272, 34.258728133307564, 34.25498019324409, 34.168383068508575, 32.54499414232042, 31.63731288909912, 28.175932778252495, 29.41530376010471, 29.093633545769585, 25.351856655544704, 50.86785337660048]",0.6006944444444444,"[0.0, -0.08047427485386531, -0.5616710252232022, -0.06335104836357965, 0.035504155688815646, -0.46067538526323104, -2.3110831578572593, -1.4015291266971164, -0.2880607644716899, 1.700523437725173, 1.2417152093516455, 3.4573308891720242, 4.369950347476536, 2.6332449515660605, 1.658907824092441, 3.1244900226593018, 3.7681768205430775, 5.119264417224461, 6.162107149759929, 6.082458151711358, 5.437918371624416, 4.058802233801948, 6.232915613386366, 3.200596491495768, 3.44716125064426, 3.0643269220987954, 3.0593138800726996, 4.0708556705051, 3.105480511983236, 2.3931701448228626, 2.3531956142849393, 1.916877852545844, 0.8369282616509331]"
strategyqa,hash_roomy,0.25,0.3888888888888889,0.0,-4.274305555555555,-4.274305555555555,1.2892531885041132,33.388888888888886,"[5.838157614072164, 1.5624394574099116, 2.901981247795953, 3.544671985838148, 4.573478791448805, 4.644744435946147, 3.1355961163838706, 5.016943699783749, 5.880228241284688, 9.735443353652954, 9.435413122177124, 7.636150492562188, 9.177193880081177, 9.911383615599739, 8.498000449604458, 10.11481335428026, 14.999075889587402, 12.109092129601372, 17.132489045461018, 19.703672303093803, 21.745425966050888, 19.505002392662895, 33.56927511427138, 34.559387630886505, 34.37526480356852, 34.422451655069985, 32.93220350477431, 31.708679623074, 27.98989454905192, 29.152352333068848, 28.67663860321045, 25.09238274892171, 50.85164345635308]","[5.838157614072164, 1.5624394574099116, 2.901981247795953, 3.544671985838148, 4.573478791448805, 4.644744435946147, 3.1355961163838706, 5.016943699783749, 5.880228241284688, 9.735443353652954, 9.435413122177124, 7.636150492562188, 9.177193880081177, 9.911383615599739, 8.498000449604458, 10.11481335428026, 14.999075889587402, 12.109092129601372, 17.132489045461018, 19.703672303093803, 21.745425966050888, 19.505002392662895, 33.56927511427138, 34.559387630886505, 34.37526480356852, 34.422451655069985, 32.93220350477431, 31.708679623074, 27.98989454905192, 29.152352333068848, 28.67663860321045, 25.09238274892171, 50.85164345635308]",0.6423611111111112,"[0.0, -0.11555300818549262, -1.2321864234076605, -0.811511410607232, 0.40808377001020646, 0.02822226948208279, -1.7108996709187825, -1.8498307930098639, -0.6188311245706346, 1.7432038336992264, 0.937457048230701, 3.3405597739749484, 4.523365020751953, 2.314530928929647, 1.3760000202390883, 2.687441243065728, 2.5588901307847767, 3.948668771319919, 4.628916528489855, 5.391915612750584, 5.235348304112752, 3.4051804542541504, 6.304296069675022, 3.501255989074707, 3.5674458609686956, 3.3183955086602106, 3.446523242526584, 4.1422224044799805, 2.9194422827826605, 2.1302187177870007, 1.936200671725803, 1.6574039459228516, 0.8207183414035373]"
strategyqa,hash_selfcheck,0.85,0.3888888888888889,0.0,-13.375,-9.09201388888889,0.23687605145904753,71.38888888888889,"[6.471069468392266, 5.3011155525843305, 7.519458029005262, 3.81771449247996, 3.5745968023935952, 5.777000480228001, 6.196684916814168, 1.292822692129347, 0.584287060631646, 3.1497657696406045, 3.02954539987776, 2.5312487483024597, 5.913289176093207, 7.579966227213542, 6.888330565558539, 9.23483525382148, 8.560104237662422, 7.337667067845662, 8.92371129989624, 6.669092310799493, 9.504647731781006, 9.906980726453993, 10.243227216932508, 10.396495554182264, 9.600106053882175, 10.015827390882704, 8.731291347079807, 10.023013909657797, 11.509702099694145, 13.2939256562127, 10.652679549323189, 12.619447549184164, 43.35489696926541]","[2.6263463497161865, 4.450760629442003, 5.337046252356635, 2.7026317649417453, 4.43789996041192, 5.563454071680705, 4.319796270794338, 5.647646956973606, 8.415028969446817, 8.076886627409193, 6.4351626767052545, 2.834848549630907, 3.5626707209481134, 7.019648181067573, 8.321469757292006, 7.632526397705078, 9.415891541375053, 7.2576568656497535, 12.03294759326511, 11.810634666019016, 14.013909498850504, 14.585663636525473, 15.599177678426107, 9.676901287502712, 10.742349889543322, 12.241903146107992, 13.571101241641575, 16.65050718519423, 13.139294200473362, 13.616263654496935, 14.572405338287354, 17.05561770333184, 47.5522026485867]",-8.458333333333334,"[0.6329118543201022, 3.623123086988926, 3.385290357801649, -0.5384689039654202, -0.5907982190450033, 1.1604783137639363, 1.3501891295115154, -5.573951800664266, -5.914772305223677, -4.842473750313123, -5.468410674068663, -1.7643419702847798, 1.2594603167639837, -0.01688645945654975, -0.23366986380683052, 1.8074631426069472, -3.8800815211402044, -0.822756290435791, -3.579861217074924, -7.642664379543728, -7.005429930157131, -6.192841211954753, -17.021751827663845, -20.66163608762953, -21.20771288871765, -21.088228755527073, -20.754388915167915, -17.543443308936226, -13.560750166575113, -13.728207959069145, -16.087758382161457, -10.815531253814697, -6.676028145684136]"
strategyqa,hash_think,0.45,0.3333333333333333,0.0,-6.800347222222222,-6.800347222222222,1.30934819413556,46.388888888888886,"[5.838157614072164, 1.5491693947050307, 2.892841484811571, 3.2739656037754483, 4.647699038187663, 4.756195763746898, 3.961447450849745, 6.287930157449511, 6.538017166985406, 8.735540601942274, 8.620040973027548, 6.6530384752485485, 8.453921371036106, 9.224031249682108, 8.48699328634474, 9.247373739878336, 16.32940403620402, 11.517940388785469, 15.646858904096815, 18.70759540134006, 21.166494581434463, 19.094352669186062, 30.87782637278239, 31.81251727210151, 31.0009093814426, 30.630022896660698, 29.16333113776313, 27.717420789930557, 24.66394117143419, 25.05144723256429, 24.784833325280083, 22.89301914638943, 48.6395378112793]","[5.838157614072164, 1.5491693947050307, 2.892841484811571, 3.2739656037754483, 4.647699038187663, 4.756195763746898, 3.961447450849745, 6.287930157449511, 6.538017166985406, 8.735540601942274, 8.620040973027548, 6.6530384752485485, 8.453921371036106, 9.224031249682108, 8.48699328634474, 9.247373739878336, 16.32940403620402, 11.517940388785469, 15.646858904096815, 18.70759540134006, 21.166494581434463, 19.094352669186062, 30.87782637278239, 31.81251727210151, 31.0009093814426, 30.630022896660698, 29.16333113776313, 27.717420789930557, 24.66394117143419, 25.05144723256429, 24.784833325280083, 22.89301914638943, 48.6395378112793]",-1.8836805555555556,"[0.0, -0.12882307089037365, -1.2413261863920424, -1.0822177926699321, 0.48230401674906415, 0.13967359728283352, -0.885048336452908, -0.5788443353441026, 0.038957801130082875, 0.7433010819885466, 0.1220848990811242, 2.3574477566613092, 3.800092511706882, 1.6271785630120172, 1.3649928569793701, 1.8200016286638048, 3.8892182774013944, 3.357517030504015, 3.143286387125651, 4.3958387109968395, 4.6564169194963245, 2.9945307307773166, 3.612847328186035, 0.7543856302897135, 0.19309043884277344, -0.4740332497490777, -0.322349124484592, 0.1509635713365343, -0.4065110948350694, -1.9706863827175565, -1.9556046062045627, -0.5419596566094292, -1.3913873036702473]"
strategyqa,hash_xml_think,0.7,0.0,0.0,-15.203125,-9.333333333333334,0.1000162727302975,61.388888888888886,"[6.574535184436375, 4.92779372798072, 6.455257813135783, 3.2944129043155246, 2.909732209311591, 4.963775820202297, 3.4880684349271984, 0.6569367150465647, 0.5314788487222459, 2.839604275094138, 3.765422609117296, 4.079079409440358, 5.054505891270107, 6.06560222307841, 4.818896028730604, 7.600518332587348, 7.226072947184245, 6.807263400819567, 8.469651937484741, 6.783912579218547, 8.157526307635838, 8.642927726109823, 8.616726292504204, 9.688714928097195, 8.41405897670322, 10.032434516482883, 9.642811669243706, 9.703153133392334, 10.83280118306478, 10.7926680776808, 9.622660689883762, 11.41256496641371, 42.448913150363495]","[2.6263463497161865, 4.6737006240420875, 5.539354297849867, 2.8548500405417547, 4.584224224090576, 4.633196910222371, 4.522313886218601, 6.107352521684435, 7.721427838007609, 6.062814527087742, 3.9578488402896457, 2.960867404937744, 3.074748675028483, 5.936274978849623, 7.358461671405369, 5.882442474365234, 8.133838574091593, 6.23437762260437, 11.313323656717936, 12.051821761661106, 13.413997597164578, 15.292783843146431, 15.2956526544359, 8.649395942687988, 10.207918537987602, 11.85865847269694, 14.209392441643608, 18.666948000590008, 15.388617250654432, 14.132356696658665, 15.007476541731092, 18.548731591966416, 48.272197511461044]",-10.286458333333334,"[0.7363775703642104, 3.2498012623853154, 2.3210901419321694, -1.0617704921298556, -1.2556628121270075, 0.3472536537382338, -1.3584273523754544, -6.209837777747048, -5.967580517133077, -5.15263524485959, -4.732533464829127, -0.2165113091468811, 0.40067703194088405, -1.5312504635916815, -2.3031044006347656, 0.1731462213728163, -5.2141128116183815, -1.3531599574618869, -4.0339205794864235, -7.527844111124675, -8.3525513543023, -7.4568942122989235, -18.648252752092148, -21.3694167137146, -22.393759965896606, -21.071621629926895, -19.842868593004013, -17.863304085201687, -14.237651083204481, -16.229465537601047, -17.117777241600884, -12.022413836585152, -7.582011964586046]"
strategyqa,verbose_xml,1.0,0.16666666666666666,0.0,-11.272569444444445,-7.822916666666667,0.14714766790469488,62.388888888888886,"[6.471069468392266, 5.385842747158474, 7.643595854441325, 4.51148600048489, 3.742959976196289, 5.640535010231866, 4.539664639366998, 0.8843805657492744, 0.595374110672209, 2.8374876512421503, 2.772897097799513, 3.9844067328506045, 5.5967166556252375, 8.535141759448582, 7.179769224590725, 9.238041851255629, 9.68568401866489, 8.240080144670275, 9.130732748243544, 7.29868025249905, 9.775176763534546, 8.926941341824001, 11.724452018737793, 11.832523663838705, 11.056171788109673, 12.204137166341146, 11.1973999871148, 12.798130247328016, 13.911761495802137, 15.092072539859348, 14.683835135565865, 16.943971739874947, 46.032198164198135]","[2.6263463497161865, 4.718647930357191, 5.815428230497572, 3.233651558558146, 4.759143988291423, 5.149844778908624, 4.5402990447150335, 5.805164098739624, 8.13616681098938, 5.736237340503269, 3.981942335764567, 3.289699766370985, 3.3255212836795383, 7.121900531980726, 9.150192048814562, 6.874130858315362, 9.228691048092312, 7.427167892456055, 12.810009373558891, 12.883900006612143, 14.611118263668484, 16.495388136969673, 16.617920716603596, 10.775279733869764, 13.581877496507433, 15.669703271653917, 17.822571966383194, 21.31349489423964, 18.161658763885498, 16.657098293304443, 17.002699746025932, 20.68742412990994, 49.37748040093316]",-6.355902777777778,"[0.6329118543201022, 3.7078502815630703, 3.5094281832377114, 0.1553026040395101, -0.42243504524230957, 1.024012843767802, -0.30683114793565536, -5.982393927044338, -5.903685255183114, -5.154751868711577, -5.72505897614691, -0.31118398573663497, 0.9428877962960137, 0.9382890727784898, 0.05776879522535536, 1.810669740041097, -2.754501740137736, 0.07965678638882107, -3.3728397687276206, -7.013076437844171, -6.734900898403591, -7.1728805965847435, -15.54052702585856, -19.22560797797309, -19.751647154490154, -18.89991898006863, -18.28828027513292, -14.768326971266005, -11.158690770467123, -11.930061075422499, -12.056602795918783, -6.491007063123915, -3.9987269507514105]"
